Time,Amount,Class
0.9102157507292005,0.004670867333355131,0
0.8905215519237002,0.0,1
0.3265428955044215,0.018839164911199028,0
0.868900180563915,0.009235083195931986,1
0.49357030418074915,0.009844631382934831,1
0.6220889856011853,0.006091589480583984,0
0.4904046483633502,0.0017831036045083213,0
0.5431559331450531,0.012302286078168523,1
0.371672299643502,0.0033182620014043742,0
0.31902518635121996,0.0005838584166693914,0
0.6325408583730728,0.007244904472978255,1
0.47064678920320385,0.0009411797676710589,0
0.37518519375897036,0.01724328523896936,0
0.19212116301680635,0.00026818563272347376,0
0.5429823139960184,0.0029527666325693354,1
0.1556727163294597,0.003892000205518163,1
0.7504282605676189,7.784778888925218e-05,1
0.654000185193759,3.892389444462609e-05,0
0.8024908560581508,3.853465550017983e-05,0
0.23578637899902774,3.892389444462609e-05,1
0.2423144590027316,3.892389444462609e-05,1
0.15585791008843003,0.003892000205518163,1
0.4451131996851706,0.0003892389444462609,0
0.37277188758738833,3.892389444462609e-05,1
0.3981202833464512,0.004618709314799332,0
0.9684360387054957,0.013587553072730076,1
0.8568278624010371,6.188899216695549e-05,1
0.7148768461502848,0.0017714264361749334,1
0.1656616047039215,0.003892000205518163,1
0.5431559331450531,0.0017476828605637114,1
0.19824991897773045,0.0007403324723367883,1
0.14615259965739155,0.003892000205518163,1
0.8469373582110283,0.0036907636712394457,1
0.409903236260938,2.9582159777915832e-05,1
0.3703759433307098,0.00011638244438943203,0
0.38217625816010004,0.0002930969251680345,1
0.712289920829668,0.00042816283889088704,1
0.051425991944071485,3.892389444462609e-05,1
0.06998587897587852,0.0,1
0.9310037501736191,2.997139872236209e-05,1
0.48731422751053294,0.0,1
0.29604958562896433,0.003892000205518163,1
0.4007766563266818,3.853465550017983e-05,0
0.504664567804065,0.017565185846026416,1
0.29257141534330294,0.00016270187877853704,0
0.40847377193388584,0.002825874736679854,0
0.2117864252974675,0.00042816283889088704,0
0.9326473447844807,1.4791079888957916e-05,1
0.49988425390064356,0.01260238930433659,1
0.7191710264364091,0.0004577449986688028,0
0.1663560813000602,0.002778776824401857,0
0.9836450761609334,0.009536354138933393,1
0.7620549562479745,0.0016924109304523424,0
0.8200206028056855,0.005838584166693914,0
0.36517315616463725,0.00040480850222411136,0
0.9456109079124034,0.002140814194454435,0
0.2891858419371267,0.0036199221833502267,0
0.8791842214917358,3.8923894444626094e-07,1
0.3803764063151072,0.0024607686067892615,0
0.24181675077549888,0.004392561488076054,0
0.24157947127181814,0.031237203769701332,1
0.09946641048196676,0.0001475215599451329,1
0.686391731098662,0.004121651182741457,1
0.434238853650632,0.0011731661785610303,1
0.5430459743506644,3.8923894444626094e-07,1
0.6401743136256308,0.02472056536178203,1
0.8221792675586833,0.0011673275943943364,0
0.1573394601601926,0.003892000205518163,1
0.8892367702208436,0.009647676477045024,1
0.2457173943238113,0.00011638244438943203,0
0.5936154451594982,3.8923894444626094e-07,1
0.5434510856984119,0.0014763833162846677,1
0.27734501597296174,2.9582159777915832e-05,1
0.6185992407055882,0.0003826218823906745,0
0.388212417241539,0.0017515752500081741,0
0.5433584888189268,3.892389444462609e-05,1
0.45472591323672396,0.001525816662229343,0
0.1538555025695634,0.003892000205518163,1
0.3295580813926571,0.00033863788166824696,0
0.3436791055141442,0.0007387755165590033,1
0.5841879253669151,0.00058191222194716,0
0.8423827492013519,0.008430526297761566,0
0.4475207185517848,0.0006216145942806787,0
0.4553740913931201,5.060106277801392e-05,0
0.20775846103986295,3.892389444462609e-05,1
0.966011157923978,0.004388669098631592,0
0.547623732580212,0.0013140706764505768,1
0.3129658780499097,0.000639908824669653,0
0.5379242094541414,3.853465550017983e-05,0
0.9568556414648827,0.006967377105588071,0
0.2385932219084217,0.0178687922226945,1
0.189163850178249,0.0,1
0.3020220843557572,0.00026740715483458124,0
0.11765012269086532,0.00046124814916881916,0
0.9396789203203852,0.004153179537241604,0
0.7872760312977453,0.001528930573784913,0
0.3870723181628779,0.0008212941727816106,0
0.27835200703736285,0.017134298334524404,0
0.9165181258391593,2.9582159777915832e-05,0
0.8354784943747396,0.00015413862200071933,0
0.9095502106579009,7.706931100035966e-05,0
0.941478772165378,3.892389444462609e-05,0
0.444904856706329,3.892389444462609e-05,1
0.3746122505671559,0.01390361509562044,0
0.2260637066530858,0.0007765316941702905,0
0.7446120190749572,0.002917345888624726,0
0.327700356497986,0.00597326084147232,1
0.7892379276818372,0.00021369218050099726,0
0.9506285013195056,0.0025798757237898173,0
0.44201120422241774,0.0008952495722264001,0
0.6888976341497292,0.0022143803549547784,0
0.12536460021297283,3.892389444462609e-05,1
0.188446224362239,0.0011673275943943364,0
0.4389728691143109,0.003886550860295915,1
0.8646060002777907,0.0007823702783369845,0
0.45560558359183295,0.0023354336666775656,1
0.15771563498310107,0.003892000205518163,1
0.8531587110514376,0.001709537444007978,0
0.10468077225797491,0.0474439456996103,1
0.33774711792212603,0.0006223930721695713,0
0.3784029353210797,0.05271268405163489,1
0.41458516597990647,0.0001802176312786188,0
0.5270787999444418,0.0015086901486737073,1
0.8286378999027733,0.00017904991444528,0
0.3728297606370665,7.706931100035966e-05,0
0.6940656974859948,0.0003892389444462609,0
0.34515486828093894,0.010612599820327303,0
0.5438041113014491,0.0004437323966687375,1
0.37377309134682163,0.0,1
0.6931397286911432,0.00015569557777850437,0
0.24450206028056856,0.0011287929388941566,0
0.7347504514097876,0.005293649644469148,0
0.80382193620075,3.8923894444626094e-07,1
0.4492511227371638,0.004160964316130529,1
0.9426709569887495,0.0006613169666141972,0
0.5840779665725265,3.892389444462609e-05,1
0.9026170193064494,2.997139872236209e-05,1
0.14714801611185704,0.00014635384311179408,1
0.900018519375897,0.00044256467983539864,0
0.2828661049122645,0.0006434119751696694,0
0.787414926616973,0.0017698694803971484,0
0.9008518912912635,0.0013969785716176305,0
0.6431837122088986,3.892389444462609e-05,0
0.7442184823371453,3.892389444462609e-05,1
0.6462972822815871,0.008524332883373113,0
0.5298509190240289,0.010167699706825229,1
0.34151465345617854,0.05408708676447463,1
0.5431964442798278,0.007337932580700911,1
0.5433064030742164,0.0011797832406166167,1
0.23681073197833233,0.004372321062964849,1
0.8843117736932266,0.013932808016453909,1
0.9069285615074772,0.00029543235883471204,1
0.5530290754201583,6.344594794474053e-05,1
0.2966630399555535,0.0022190512222881333,0
0.406673920088893,0.012382080061780007,1
0.8909729617111903,0.00044762478611320007,0
0.4681698226769758,0.00016581579033410714,0
0.8241643131626465,7.784778888925218e-05,1
0.22182739941663968,0.003736693866684105,0
0.7095698874947914,0.08274713948299726,1
0.36151557942497337,0.054577527834476926,1
0.24185726191027362,0.003892000205518163,1
0.9658028149451364,0.0007765316941702905,1
0.015156951710727349,5.021182383356766e-05,0
0.6933596462799204,0.0050211823833567655,0
0.8394833094124728,0.0019134986508978185,0
0.8632749201351915,7.706931100035966e-05,0
0.7660539839807399,0.00338637881668247,0
0.31053520996342426,0.0,1
0.6717151257002639,0.002530053138900696,1
0.25029515255335893,0.0007126965072811037,0
0.7101601926015093,2.997139872236209e-05,0
0.5816299365711376,2.9582159777915832e-05,1
0.1660493541367656,0.003892000205518163,1
0.06733529330061577,3.892389444462609e-05,1
0.48731422751053294,0.0,1
0.4603222371406084,7.784778888925218e-06,1
0.8806252604287236,3.892389444462609e-05,1
0.8315489143015881,0.00011638244438943203,0
0.29404139080512987,0.003892000205518163,1
0.8965461363952035,0.0023354336666775656,0
0.8639288855965555,0.0004904410700022888,0
0.8798786980878744,3.892389444462609e-05,1
0.15546437335061808,0.003892000205518163,1
0.24449627297560073,3.892389444462609e-05,1
0.8656766516968378,4.281628388908871e-05,1
0.7582758461039864,0.028150149701298036,1
0.9205634520116672,0.0017815466487305363,0
0.8655377563776101,6.96737710558807e-05,0
0.850473401546368,0.0011677168333387828,0
0.021685031714431223,0.00019461947222313046,0
0.8359704152970046,0.0,0
0.5330223621463956,0.023382751109720233,1
0.36078637899902777,4.281628388908871e-05,1
0.7450171304227048,0.00038884970550181466,0
0.11580975971109773,3.892389444462609e-05,1
0.003512894115468309,0.00272428337217938,0
0.5193180239825919,7.706931100035966e-05,0
0.34977892495022916,0.0005040644330579078,0
0.58481295430344,3.580998288905601e-05,1
0.7799145793786749,0.005534588551081384,0
0.7158954118246216,2.997139872236209e-05,0
0.9098048520764851,0.00019345175538979165,1
0.5738633733043197,0.00015569557777850437,0
0.3956028056854484,0.0007625190921702251,1
0.7970507893883977,7.706931100035966e-05,0
0.0729026806796611,3.892389444462609e-05,1
0.06999745358581416,0.001182897152172187,1
0.0049828695772952455,0.0003892389444462609,0
0.33605143756655403,3.892389444462609e-05,1
0.5461016713736747,3.892389444462609e-05,1
0.6746377147090143,0.002218661983343687,0
0.3005752581138016,5.021182383356766e-05,0
0.5433064030742164,0.004049252739074452,1
0.054088152229269874,3.8923894444626094e-07,0
0.008229547664243716,6.96737710558807e-05,0
0.23680494467336452,2.9582159777915832e-05,1
0.8296333163572388,3.892389444462609e-05,1
0.16585258576785963,0.003892000205518163,1
0.24219871290337516,0.004645566801966124,0
0.7831496828556878,0.03111965360847856,0
0.17090490300476874,2.6468248222345745e-05,1
0.8192798277698042,0.00017476828605637117,1
0.5804551136626696,3.892389444462609e-05,1
0.6841173202463077,0.0019053246330644473,0
0.7644219639798139,0.018711494537420655,1
0.409185610444928,0.011050882871773795,0
0.4829043011250521,0.0006570353382252884,0
0.025822954766424374,0.009339009994099139,1
0.2093268206861429,0.004347799009464735,1
0.7454222417704524,0.00684671303280973,1
0.9002037131348674,0.0002748026947790602,1
0.8928538358257327,0.05857773646655115,1
0.3607227186443817,3.892389444462609e-05,1
0.45789735635909073,0.0008757876250040871,0
0.04355525718783277,3.892389444462609e-05,1
0.12395828510579193,3.892389444462609e-05,1
0.5433064030742164,0.0011797832406166167,1
0.6369218482337146,0.04169177257858345,0
0.6213019121255614,7.706931100035966e-05,0
0.8837793416361869,9.614201927822645e-05,1
0.20779897217463772,0.00035537515627943623,1
0.9468551784804853,3.892389444462609e-05,0
0.3536506319737025,0.003950775286129548,1
0.86710611602389,0.00041804262633528424,0
0.5563683503865919,0.00038145416555733573,0
0.30576647066993845,0.0003787294929462119,0
0.1871903791842215,0.0008559364388373277,0
0.5939048104078892,0.013504255938618577,1
0.733072132969119,0.00038884970550181466,0
0.06412333904347424,3.892389444462609e-05,1
0.1723748784665957,0.0011793940016721707,1
0.04440020371313487,3.892389444462609e-05,1
0.7930980600953749,0.0035004258274052248,0
0.36234316403537203,0.0011287929388941566,0
0.6603199222186212,0.0001942302332786842,0
0.7269549516181305,0.000125334940111696,1
0.39041159312931156,2.997139872236209e-05,0
0.23845432658919397,0.0034342552068493603,1
0.632535071068105,0.0,1
0.4446154914579379,0.009916251348712943,1
0.7756493356173897,0.006759523509253767,0
0.7686409093013565,0.00015569557777850437,0
0.339379137923052,0.0044342100551318046,1
0.9811391731098662,0.011114718058662982,0
0.17087596647992964,2.6468248222345745e-05,1
0.8066635029399509,0.0003343562532793381,0
0.8950472244085375,2.997139872236209e-05,1
0.20562873281170424,0.0006570353382252884,0
0.41857840640770405,0.009298918382821174,1
0.4952544099263855,0.009371706065432625,1
0.36794527524422427,0.0112949356899416,1
0.3270000925968795,0.007357783766867671,0
0.3529966665123385,0.04978443947256566,0
0.9471734802537155,3.892389444462609e-05,0
0.39473470994027504,3.892389444462609e-05,1
0.6799678225843789,0.008547687220039889,0
0.2280834760868559,0.0017083697271746392,0
0.014051576461873235,3.892389444462609e-05,0
0.9605826658641604,0.0,1
0.32526968841150056,0.004203780600019618,0
0.594176813741377,0.0,1
0.8898617991573684,0.0019995204576204423,1
0.2977336913746007,5.021182383356766e-05,0
0.6371070419926849,3.892389444462609e-05,1
0.04365364137228576,3.892389444462609e-05,1
0.27156928561507476,3.892389444462609e-05,1
0.6597701282466781,0.0003110019166125625,0
0.8536332700587991,0.038778708318347635,1
0.21145076160933376,0.004631943438910505,0
0.751238483263114,0.010749611928772388,1
0.18081855641464883,0.0007224274808922602,0
0.24579841659336082,0.0004557988039465716,0
0.5461016713736747,3.892389444462609e-05,1
0.9249560164822446,0.00125023548956139,0
0.2668757812861707,0.005663426641693096,0
0.8088742534376592,0.004691886236355229,1
0.443469605074309,0.001182897152172187,0
0.8385226167878143,0.01757725225330425,0
0.10935112736700774,0.00046124814916881916,0
0.8628640214824761,0.0,1
0.31168688365202096,3.464226605571722e-05,0
0.39473470994027504,3.892389444462609e-05,1
0.6186050280105561,0.00046669749439106684,0
0.7067977684152045,0.03104063810275597,0
0.37092573730265294,0.011478656471720234,1
0.16624612250567156,0.003892000205518163,1
0.256915829436548,3.892389444462609e-05,1
0.5431964442798278,0.003036063766680835,1
0.7383617297097088,0.001302004269172743,0
0.3097249872679291,0.003074987661125461,0
0.5597307745728969,3.892389444462609e-05,1
0.15934186767905922,0.0030555257139031483,0
0.6701988517986944,0.0044419948340207295,0
0.2406477151719987,0.0015355476358404993,1
0.7091532015371083,2.997139872236209e-05,0
0.5434105745636372,3.892389444462609e-05,1
0.9949361081531553,0.000622003833225125,0
0.8566831797768415,0.0,1
0.0023496458169359694,0.0,1
0.5461016713736747,3.892389444462609e-05,1
0.9048046205842863,0.0019458054832868583,0
0.9932230658826798,5.682888588915409e-05,0
0.5620688457798972,0.00033630244800156946,1
0.749965276170193,0.0007590159416702088,0
0.6923063567757767,0.00011871787805610957,0
0.8660123153849716,7.784778888925218e-05,1
0.3071669984721515,4.5930195444658784e-05,1
0.2389288855965554,0.0014526397406734457,1
0.21594749756933193,0.0011677168333387828,0
0.25656859113847863,0.0008181802612260404,0
0.2741446363257558,0.009186428327876204,0
0.20043752025556738,0.0007379970386701107,1
0.4781818602713089,3.464226605571722e-05,0
0.3218783277003565,0.005077232791357028,1
0.49357030418074915,0.009844631382934831,1
0.7283670540302792,0.0007395539944478958,0
0.15720056484096487,0.003892000205518163,1
0.5329644890967175,0.0007006301000032696,1
0.2396696606324367,0.00414734095307491,1
0.5431559331450531,0.012302286078168523,1
0.8337480901893607,0.0,0
0.5572653826566045,0.0013074536143949905,1
0.24878466595675727,0.025222683600117708,1
0.8213632575582203,2.9582159777915832e-05,1
0.45852238529561556,3.892389444462609e-05,0
0.24101810268993937,0.006707365490697968,1
0.7538080466688273,0.0020240425111205567,0
0.293451085698412,0.003892000205518163,1
0.06730056947080884,3.892389444462609e-05,1
0.8585003935367378,0.0017126513555635482,0
0.3368153618223066,6.811681527809567e-05,1
0.7017280892633918,0.0009730973611156523,0
0.8062815408120747,0.005805498856415982,0
0.30565072457058196,0.020236532721761104,1
0.24989004120561137,5.9164319555831664e-05,0
0.24301472290383816,3.892389444462609e-05,1
0.309337237835085,0.00031139115555700874,1
0.043607342932543175,3.892389444462609e-05,1
0.47130654196953564,0.0021797380888990614,0
0.8552305662299181,0.005745166820026811,0
0.1607944812259827,0.0009092621742264655,1
0.9121255613685819,7.745854994480592e-05,0
0.8969975461826937,0.0017904991444528003,0
0.41108963377934166,0.016597148591188566,1
0.24901615815547018,0.007950983918203772,1
0.7386510949580999,0.011677168333387828,0
0.4064366405852123,0.0001475215599451329,1
0.3815917403583499,0.003950775286129548,1
0.8947115607204037,0.00026234704855677987,1
0.955669243946479,0.0004791531406133472,1
0.24020209268947637,0.014175693117788376,1
0.20367262373258022,0.0020240425111205567,0
0.8923966387332747,0.0005838584166693914,0
0.3278508264271494,0.00029270768622358817,1
0.09971526459558314,0.00015297090516738055,1
0.9799990740312052,0.0010509451500049045,0
0.23665447474420112,2.9582159777915832e-05,1
0.8215195147923515,0.0023023483563996334,0
0.14523241816750776,0.00012144255066723342,1
0.7799493032084819,0.03601666876855697,1
0.8568278624010371,6.188899216695549e-05,1
0.21307699430529192,0.0011677168333387828,0
0.7398548543914071,5.021182383356766e-05,0
0.05245613222834391,0.07043979329855095,1
0.8592758924024261,2.9582159777915832e-05,1
0.9577295245150239,3.892389444462609e-05,0
0.6424429371730173,0.0007784778888925218,0
0.20213898791610724,0.0001144362496672007,0
0.08583730728274458,0.0002720780221679364,0
0.5921454696976712,0.000857882633559559,1
0.11835617389693967,3.892389444462609e-05,1
0.15025001157460993,0.004048085022241113,0
0.8743749710634752,0.01568243707173985,0
0.4357030418074911,0.0053882347079695905,0
0.8110792166303996,0.0007002408610588233,0
0.4857516551692208,3.892389444462609e-05,1
0.3536737811935738,0.00013973678105620767,0
0.21936200750034723,0.00014674308205624037,0
0.9608546691976481,0.001553063388340581,1
0.8932820963933515,0.000544545283280319,0
0.8592932543173295,0.004775183370466729,1
0.049354136765591,3.892389444462609e-05,1
0.4496735959998148,4.476247861132e-05,0
0.9008634659011991,2.997139872236209e-05,1
0.8867077179499051,0.00408700891668574,0
0.2527431825547479,0.03822754597301173,0
0.7304678457335988,0.0009730973611156523,1
0.17218968470762536,2.6468248222345745e-05,1
0.1534966896615584,0.003892000205518163,1
0.8740508819852771,0.00041648567055749914,1
0.49357030418074915,0.0,1
0.5247696652622806,0.0002720780221679364,1
0.7016412796888745,0.005629173614581826,1
0.6397981388027224,0.003122474812347905,1
0.8688365202092689,0.001245564622228035,0
0.49692115375711843,3.892389444462609e-05,1
0.045667623501088016,3.892389444462609e-05,1
0.3227001250057873,0.012140751916223325,1
0.7435008565211353,0.0026429324327901117,1
0.8631649613408029,7.706931100035966e-05,0
0.36578661049122646,3.892389444462609e-05,0
0.39105398398073987,0.0213715534837664,1
0.2145064586323441,0.002834048754513226,0
0.5532895041437104,0.0003892389444462609,0
0.18873558961063014,0.0057735812629713884,0
0.17971896847076255,0.0013623363055619132,0
0.35271308856891526,0.00272428337217938,0
0.25779549979165706,0.0038141524166289105,0
0.3121498680494467,0.010193000238214235,1
0.762888328163341,0.00017243285238969358,0
0.3628524468725404,0.00031411582816813255,0
0.22602319551831104,0.0044497796129096545,0
0.20881175054400666,0.0007784778888925218,0
0.8869044863188111,0.0013000580744505115,0
0.2892784388166119,0.014012602000065393,1
0.43970785684522434,0.0038884970550181466,1
0.41395434973841383,0.00544856674435876,0
0.22997013750636605,0.0010898690444495307,0
0.953093893235798,5.021182383356766e-05,0
0.7483448307792028,0.003148943060570251,1
0.8300963007546646,3.892389444462609e-05,1
0.162872123709431,0.003892000205518163,1
0.23813023751099588,0.0034342552068493603,1
0.8644150192138526,0.0003499258110571886,0
0.7959569887494792,0.00011677168333387828,0
0.7818359646279921,0.013428743583396002,1
0.23198990694013613,3.892389444462609e-05,1
0.23822862169544887,0.00020629664055651827,1
0.8450738460113895,4.5930195444658784e-05,1
0.3410632436686884,0.0019461947222313045,0
0.826658641603778,0.0056361799155818584,1
0.200744247418862,0.0007403324723367883,1
0.18353858974952544,5.021182383356766e-05,0
0.19978355479420346,5.9164319555831664e-05,1
0.5879728228158712,0.00575567627152686,1
0.8862331589425436,0.00788987340392571,0
0.8373130700495394,7.706931100035966e-05,0
0.7646245196536877,5.449345222247652e-05,0
0.21977869345803047,0.013623363055619132,0
0.43044238159174036,0.0003499258110571886,0
0.16113593221908423,3.892389444462609e-05,0
0.20701768600398168,0.0023587880033443414,1
0.044793740450946806,3.892389444462609e-05,1
0.8050546321588963,0.0008746199081707482,1
0.4926153988610584,0.0006344594794474054,0
0.10323394601601926,0.029829715746583652,1
0.10139358303625168,3.892389444462609e-05,1
0.562728598546229,0.00038223264344622825,1
0.2959338395296079,0.003892000205518163,1
0.9311484327978148,0.004948783939689762,1
0.447416547062364,9.692049716711898e-05,0
0.4292270475484976,0.00038884970550181466,0
0.2568984675216445,0.00278889703695746,0
0.2080709755081254,0.004347799009464735,1
0.8569493958053613,0.0,1
0.3199164313162646,3.892389444462609e-05,1
0.8802375109958794,3.892389444462609e-05,1
0.8382274642344554,0.0,1
0.32724894671049587,0.0025281069441784646,0
0.28895434973841383,3.464226605571722e-05,0
0.2007210981989907,0.004438102444576267,0
0.3174105282651975,6.96737710558807e-05,1
0.8040997268392055,0.028333092005187778,1
0.4427461919533312,0.00022731554355661637,0
0.41685957683226077,0.002140424955509989,0
0.738095513681189,0.004048085022241113,0
0.15312051483864994,0.00011482548861164698,0
0.7679059215704431,3.892389444462609e-05,1
0.8668919857400806,0.0008563256777817741,0
0.44667577202648273,3.892389444462609e-05,1
0.7076137784156674,0.00029426464200137326,0
0.5863292282050095,8.874647933374748e-05,1
0.583603407565165,0.0006208361163917861,0
0.04865966016945229,3.892389444462609e-05,1
0.040430112505208574,0.0022965097722329395,1
0.7528010556044261,0.00019656566694536176,0
0.5735682207509607,0.00019267327750089916,0
0.4466121116718367,3.892389444462609e-05,1
0.945066901245428,0.004475469383243108,0
0.742007731839437,0.042442614502420296,0
0.220120144451132,0.0013993140052843082,0
0.8980334737719339,0.0021618330974545333,0
0.7940819019399047,0.0015355476358404993,1
0.38861752858928655,0.019061420348477843,1
0.320101625075235,3.230683238903965e-05,1
0.5296772998749942,3.892389444462609e-05,1
0.9283300152784851,0.0021707855931767973,0
0.5534283994629381,6.344594794474053e-05,1
0.8743923329783787,0.0007979398361148349,0
0.044041390805129865,3.892389444462609e-05,1
0.44316287791101444,0.008555471998928815,1
0.05137969350432891,3.892389444462609e-05,1
0.6695390990323626,0.0006640416392253211,1
0.9471908421686189,3.892389444462609e-05,0
0.4519943052919117,0.002134586371343295,0
0.5931350988471689,0.004048085022241113,1
0.8636742441779712,3.892389444462609e-05,1
0.19969095791471828,3.853465550017983e-05,0
0.5189302745497477,0.0008773445807818721,0
0.34928121672299645,0.01770336567130484,1
0.742204500208343,3.892389444462609e-05,0
0.20594124727996668,2.9582159777915832e-05,1
0.6222220936154452,0.0023926517915111656,0
0.1560315292374647,0.003892000205518163,1
0.8534191397749896,0.0039566138702962425,0
0.5135480809296726,0.00035848906783500636,1
0.39940506504930784,0.0056054300389706034,0
0.8662206583638131,0.0006768865243920477,1
0.2665459049030048,3.892389444462609e-05,1
0.16344506690124544,0.028447917493799425,1
0.35851196814667347,0.0003110019166125625,0
0.8814470577341544,3.892389444462609e-05,1
0.32991689430066207,3.8923894444626094e-07,1
0.49296842446409556,7.784778888925218e-05,1
0.4082133432103338,0.03210559585476094,1
0.9788763368674476,0.015180318833404175,1
0.23840224084448355,5.9164319555831664e-05,1
0.21827978147136443,0.00071619965778112,0
0.4529781471364415,0.020317883661150372,0
0.8954118246215103,0.0009692049716711897,0
0.5090455576647067,3.892389444462609e-05,0
0.23904463169591186,0.0023229780204552853,1
0.23832700587990185,0.00044295391877984496,1
0.9273751099587945,0.00607212753336167,1
0.9702011667206816,6.96737710558807e-05,0
0.1458285105791935,0.003892000205518163,1
0.4982522338997176,0.0003499258110571886,0
0.9210032871892218,8.913571827819375e-05,0
0.7437786471595907,0.0036335455464058457,1
0.48731422751053294,0.019938764929259715,1
0.10807792027408676,0.007348052793256513,1
0.6007685540997268,8.835724038930123e-05,1
0.3369484698365665,0.010509451500049045,1
0.37851868142043615,0.010950848463051104,0
0.9143883976110005,0.0003254037575570741,0
0.8390781980647253,0.00010470527605604419,0
0.47623153849715266,3.892389444462609e-05,1
0.8800060187971666,3.892389444462609e-05,1
0.6367655909995833,3.892389444462609e-05,0
0.5431964442798278,0.007337932580700911,1
0.5934418260104635,8.874647933374748e-05,1
0.23615676651696837,0.0005838584166693914,0
0.25772026482707533,3.892389444462609e-05,1
0.23885943793694153,0.0067365584115314375,1
0.43868929117088756,0.0006811681527809566,0
0.11766748460576879,3.892389444462609e-05,1
0.6397692022778833,2.9582159777915832e-05,1
0.4566125746562341,0.00019461947222313046,0
0.24580999120329647,3.892389444462609e-05,1
0.9180864854854391,0.011521472755609323,1
0.8091578313810824,2.6857487166792e-05,1
0.33029885642853835,0.006617062055586436,0
0.5461132459836103,3.892389444462609e-05,1
0.049851844992823746,3.892389444462609e-05,1
0.3066866521598222,0.003892389444462609,0
0.27287721653780267,0.003849573160573521,0
0.831977174869207,0.001011242777671386,0
0.8240775035881291,0.012456035461224795,1
0.752251261632483,0.0019461947222313045,0
0.7119484698365666,6.96737710558807e-05,0
0.09153780267604981,0.0004433431577242912,1
0.310934534006204,0.004376991930298204,1
0.4372656141488032,0.0011657706386165514,1
0.7049979165702116,0.010802548425217079,0
0.1749444418723089,0.00277838758545741,0
0.8796877170239363,0.00038729274972402957,0
0.4217614241400065,0.001815799675841807,0
0.26707833696004446,3.892389444462609e-05,1
0.529000185193759,0.0020508999982873487,1
0.44827306819760177,0.0036701340071837946,0
0.29472429279133294,0.00039001742233515344,0
0.822092457984166,1.751575250008174e-05,0
0.04890851428306866,3.892389444462609e-05,1
0.23906199361081532,2.9582159777915832e-05,1
0.54951618130469,0.02224422719721492,1
0.4465137274873837,0.0050211823833567655,1
0.8946884115005325,0.000793658207725926,0
0.7566033149682856,0.007551235522257462,0
0.3308197138756424,3.892389444462609e-05,1
0.2382633455252558,0.0032454743187929234,1
0.22031112551507015,7.706931100035966e-05,0
0.3218551784804852,3.230683238903965e-05,1
0.5431732950599565,0.00816039447031586,1
0.41113593221908423,0.002333487471955334,0
0.8693689522663086,0.0002709103053345976,0
0.9887379045326173,0.0005838584166693914,0
0.9471850548636511,3.892389444462609e-05,0
0.7649312468169823,0.003736693866684105,0
0.8986990138432335,0.034588161842439194,0
0.33457567479975925,0.0016235156372853543,0
0.10648062410296773,3.892389444462609e-05,1
0.07916454465484514,9.692049716711898e-05,0
0.2767836473910829,0.0002950431198902658,1
0.3189094402518635,0.0001973441448342543,0
0.3069065697485995,2.9582159777915832e-05,1
0.04870017130422705,3.892389444462609e-05,1
0.8250960692624659,0.0006936237990032369,0
0.11436872077410992,3.892389444462609e-05,1
0.8858106856798926,2.9582159777915832e-05,0
0.8035672947821658,0.0002993247482791747,0
0.38431177369322655,3.892389444462609e-05,0
0.3746353997870272,0.0015849809817851744,0
0.9443782119542572,0.001556177299896151,1
0.5131719061067642,4.5930195444658784e-05,1
0.3041923237186907,2.9582159777915832e-05,0
0.7090432427427196,0.008947824854930645,0
0.39473470994027504,3.892389444462609e-05,1
0.0641927867030881,3.892389444462609e-05,1
0.44829043011250524,5.021182383356766e-05,0
0.870954673827492,3.892389444462609e-05,1
0.9418607342932543,0.0024607686067892615,0
0.7245705819713876,0.0015569557777850437,1
0.39473470994027504,3.892389444462609e-05,1
0.08190193990462522,3.892389444462609e-05,1
0.8830559285152091,0.0005597256021137232,0
0.7478471225519701,0.00018955936594532909,1
0.9102504745590074,2.997139872236209e-05,1
0.8791494976619288,0.0006297886121140501,0
0.8910481966757721,0.005200232297802046,0
0.20413560813000603,0.0032696071333485916,0
0.8514977545256726,0.0004791531406133472,0
0.3369195333117274,0.0001981226227231468,1
0.8787154497893421,0.00044762478611320007,0
0.38256979489791193,0.00289710546351352,0
0.8913838603639058,7.706931100035966e-05,0
0.3877089217093384,7.706931100035966e-05,0
0.10818787906847539,0.0005838584166693914,0
0.8352817260058336,0.00011638244438943203,0
0.20693666373443215,0.0025296638999562494,0
0.2829066160470392,0.0007679684373924728,1
0.632274642344553,0.0004234919715575319,0
0.2635596555396083,3.892389444462609e-05,1
0.8307386916060929,0.019954334487037564,0
0.37054956247974447,0.0011408593461719907,0
0.867366544747442,0.0,0
0.23795083105699338,0.0001475215599451329,1
0.39473470994027504,3.892389444462609e-05,1
0.6783126533635817,0.00017476828605637117,0
0.22992383906662348,0.030237248921418887,1
0.8507222556599843,0.00031139115555700874,1
0.8459824528913376,2.997139872236209e-05,1
0.32384022408444835,0.000660927727669751,0
0.23624357609148572,0.02629270145840048,0
0.34515486828093894,0.0001385690642228689,0
0.23846011389416177,0.0011778370458943857,1
0.12179962035279411,3.892389444462609e-05,1
0.2633281633408954,0.004125543572185919,1
0.8178619380526877,0.007615849187035541,1
0.25090281957498034,3.892389444462609e-05,0
0.3592758924024261,0.0070063010000326964,1
0.26858882355664615,0.004970192081634305,0
0.7135226167878143,3.464226605571722e-05,0
0.919984721514885,0.0003499258110571886,0
0.043699939812028334,3.892389444462609e-05,1
0.3484246955877587,0.003823494151295621,0
0.08144474281216724,3.892389444462609e-05,1
0.8922924672438539,2.9582159777915832e-05,1
0.7069019399046252,0.004086619677741293,0
0.4448527709616186,3.892389444462609e-05,1
0.5431964442798278,0.003036063766680835,1
0.28631533867308673,0.00337703708201576,0
0.7111440344460392,0.0024522053500114437,0
0.4598245289133756,3.892389444462609e-05,0
0.28642529746747536,0.00020941055211208838,0
0.7826230381036159,3.503150500016348e-05,0
0.47092457984165936,0.0002946538809458195,1
0.9762141765822492,2.9582159777915832e-05,0
0.5431559331450531,0.0017476828605637114,1
0.8302236214639567,3.892389444462609e-05,1
0.26310824575211816,3.892389444462609e-05,1
0.850959535163665,0.04147808039808245,0
0.014022639937034122,3.892389444462609e-05,0
0.3134925228019816,0.0030644782096254123,0
0.9037050326404,0.001666331921174443,0
0.6370607435529423,3.892389444462609e-05,0
0.9800627343858512,2.9582159777915832e-05,1
0.2517130422704755,0.0009692049716711897,1
0.2509896291494977,0.0034253027111270963,1
0.16713736747071625,0.00030749876611254614,0
0.15906407704060374,0.0008345282968927834,0
0.4638061947312376,0.007091933567810874,0
0.8559481920459281,0.0002946538809458195,0
0.5942173248761516,0.004660747120799528,1
0.9002384369646743,0.0036907636712394457,1
0.5563625630816241,0.0007379970386701107,1
0.32875364600212975,3.892389444462609e-05,1
0.23868581878790684,0.001770647958286041,1
0.28616486874392333,0.015015670759903408,0
0.4591763507569795,3.892389444462609e-05,0
0.2487673040418538,3.892389444462609e-05,1
0.0075697948979119405,0.0017048665766746227,0
0.3404208528172601,0.001776486542452735,1
0.04652993194129358,3.464226605571722e-05,0
0.49693851567202185,0.012082755313500832,1
0.5425135422936247,3.892389444462609e-05,1
0.8099391175517385,0.028150149701298036,1
0.2386510949580999,0.004604696712799267,1
0.32465623408491134,0.006652872038475491,1
0.34631232927450345,0.00023004021616774022,1
0.8735878975878513,0.0003616029793905764,1
0.43741029677299875,0.004847192575189287,1
0.8380480577804529,0.025983645736510144,1
0.6773866845687301,0.0012066407277834088,0
0.46643941849159687,3.892389444462609e-05,0
0.9102736237788787,0.0011673275943943364,0
0.793873558961063,0.0028519537459577534,0
0.23932242233436735,0.0013280832784506422,1
0.47591902402889025,0.00038884970550181466,0
0.8120051854252512,0.02307797701621881,1
0.7839425436362795,0.0011677168333387828,0
0.058642761238946246,0.010180933830936401,0
0.9638351312560767,5.021182383356766e-05,0
0.38038798092504283,0.0038149308945178034,1
0.23120862076948007,0.0018259198883974097,0
0.28069007824436315,5.838584166693914e-05,0
0.9011470438446225,3.464226605571722e-05,0
0.2875190981063938,0.0025635276881230745,0
0.31937821195425714,0.0001942302332786842,0
0.8485172924672438,0.00021369218050099726,0
0.697810083800176,0.0011673275943943364,0
0.1969304134450669,0.018196920652862696,0
0.7752557988795777,0.005068280295634764,1
0.7711815361822307,0.0002331541277233103,0
0.302224640029631,0.0027499731425128337,0
0.48731422751053294,0.019938764929259715,1
0.23885943793694153,0.05702116992771055,0
0.8795083105699338,0.002247076426288264,1
0.5233691374600676,0.0,0
0.2380781517662855,0.01323840573956178,1
0.3310743552942266,3.892389444462609e-05,0
0.4016042409370804,3.892389444462609e-05,1
0.25287050326404004,6.96737710558807e-05,0
0.19258414741423216,0.014557536522290158,0
0.8294770591231075,5.994279744472418e-05,0
0.7476387795731284,0.00027947356211241534,1
0.10494120098152693,0.00046124814916881916,0
0.9607678596231307,6.072127533361671e-05,0
0.4055222464002963,0.008847401207263511,1
0.8737499421269503,0.0019423023327868418,0
0.932248020741701,4.670867333355131e-06,0
0.5461016713736747,3.892389444462609e-05,1
0.6346532246863281,8.251865622260733e-05,0
0.8273589055048846,0.0,1
0.5115746099356452,0.006532597204641597,0
0.2217348025371545,0.0026927550176792333,0
0.6859808324459465,0.004121651182741457,1
0.44679151812583917,3.892389444462609e-05,1
0.20370156025741934,0.003074987661125461,0
0.6331138015648873,0.006052276347194911,0
0.9031263021436178,0.009730973611156523,0
0.5086057224871522,0.032283867291317325,1
0.7487094309921756,0.0,1
0.770776424834483,0.051963399083575834,1
0.3927091532015371,0.01245564622228035,1
0.3319945367841104,0.00044762478611320007,0
0.6701583406639197,5.87750806113854e-05,0
0.9261655632205195,0.00019072708277866786,1
0.5941883883513126,0.0,1
0.328157553590444,0.00218713362884354,0
0.03279665725265059,0.0005573901684470456,0
0.3564979860178712,0.002771770523401824,0
0.44730080096300756,0.00029153996939024944,0
0.2878894856243345,0.0009730973611156523,0
0.5313093198759202,0.0018294230388974262,0
0.46092990416222973,0.0012447861443391425,0
0.7628651789434696,3.892389444462609e-05,0
0.5016493819158294,0.0007784778888925218,0
0.45060535209963426,3.853465550017983e-05,0
0.4180749108755035,0.00011638244438943203,0
0.2310350016204454,0.0035031505000163482,0
0.17854993286726237,0.004079613376741261,1
0.42918074910875503,0.0029948044385695316,1
0.4416986897541553,0.0016698350716744593,0
0.27768646696606325,2.9582159777915832e-05,1
0.3586508634659012,0.0010595084067827221,0
0.07710426408630029,3.892389444462609e-05,1
0.938642992731145,0.0019539795011202297,0
0.3063452011667207,2.9582159777915832e-05,1
0.40448053150608826,0.000702576294725501,0
0.8122308903189963,0.0003090557218903312,0
0.3796182693643224,0.0010470527605604418,0
0.695101625075235,0.0008952495722264001,0
0.87930575489606,0.00044762478611320007,0
0.7037767952220011,0.0002179738088899061,0
0.2075674799759248,0.00029621083672360456,1
0.16030256030371778,0.001021752229171435,0
0.4214546969767119,0.001752742966841513,1
0.46767211444974305,0.00014635384311179408,0
0.7781031529237465,0.007854841898925546,0
0.39634936802629755,0.001360390110839682,0
0.9001284781702857,0.00015180318833404174,1
0.4733957590629196,0.0025144835811228452,0
0.3893756655400713,0.019461947222313047,0
0.3591543589981018,0.00025767618122342475,1
0.7831033844159452,0.003280505823793087,1
0.19540256493356176,0.04835710026328122,0
0.8051125052085745,0.0003230683238903966,1
0.36744177971202374,7.784778888925218e-05,0
0.4448759201814899,0.0008613857840595754,0
0.3782466780869485,0.0012420614717280187,1
0.043514746053058016,3.892389444462609e-05,1
0.5047050789388398,0.00038884970550181466,0
0.9597319320338905,0.0003592675457238988,0
0.294429140237974,0.0019461947222313045,0
0.7295708134635863,0.00041415023689082164,0
0.48053729339321266,3.892389444462609e-05,0
0.31489305060419465,0.00021369218050099726,0
0.9713065419695357,8.563256777817741e-06,0
0.05757210981989907,0.019461947222313047,0
0.2079147182739942,0.00017749295866749496,1
0.4161593129311542,0.00044762478611320007,0
0.7865931293115422,0.001706423532452408,0
0.6718655956294273,3.580998288905601e-05,0
0.8234177508217974,0.012634306897781182,1
0.24497661928793,0.0013973678105620767,0
0.1081647298486041,3.892389444462609e-05,1
0.0717220704662253,0.006993066875921524,1
0.7548786980878744,0.0004195995821130692,0
0.3453227001250058,0.0002440528181678056,1
0.24079239779619427,0.0020999441052875776,1
0.06441849159683319,3.892389444462609e-05,1
0.29766424371498684,0.0005838584166693914,0
0.39473470994027504,3.892389444462609e-05,1
0.9800858836057226,0.0030317821382919263,1
0.7670494004352053,3.8923894444626094e-07,0
0.7508507338302699,3.892389444462609e-05,1
0.5295499791657021,3.892389444462609e-05,1
0.8450969952312607,8.641104566706993e-05,1
0.82117806379925,0.0006118836206695222,0
0.7818764757627669,0.0042236317861863775,1
0.7396870225473402,0.028336595155687795,0
0.5810975045140979,0.0019395776601757182,0
0.242204500208343,0.00544545283280319,1
0.15368767072549655,0.003892000205518163,1
0.9250659752766333,0.0017714264361749334,1
0.8328221213945091,0.0017515752500081741,0
0.23909093013565444,0.00038884970550181466,1
0.3954928468910598,0.00021680609205656734,0
0.3947057734154359,3.464226605571722e-05,0
0.23223297374878468,0.0014896174403958406,0
0.3344367794805315,0.0010657362298938623,0
0.15529075420158342,0.003892000205518163,1
0.20335432195934997,0.0,0
0.04727649428214269,3.892389444462609e-05,1
0.2751574146951248,2.9582159777915832e-05,1
0.0996573915459049,0.0001475215599451329,1
0.4771632945969721,2.9582159777915832e-05,0
0.7509838418445298,0.01411185793089919,1
0.3292224177045234,0.00019461947222313046,1
0.6810384740034261,0.0019458054832868583,0
0.37493055234038614,0.028039995080019742,1
0.7525290522709385,0.015245710976071148,0
0.12113408028149451,3.892389444462609e-05,1
0.5909648594842354,0.0,1
0.4017315616463725,0.0025253822715673407,0
0.24656234084911338,0.0025343347672896047,0
0.6550361127829992,3.853465550017983e-05,0
0.5429881013009862,0.0003324100585571068,1
0.771401453771008,0.002301959117455187,0
0.4447254502523265,3.892389444462609e-05,1
0.7868998564748368,0.00026079009277899483,0
0.9001689893050604,0.00012222102855612594,1
0.8940981063938146,0.0013623363055619132,1
0.34925228019815735,0.00010898690444495304,0
0.8936293346914209,0.001050555911060458,0
0.5444233529330061,0.0014012602000065392,0
0.49015000694476596,0.0004791531406133472,1
0.34594772906153065,0.012424507106724648,1
0.2808752720033335,3.892389444462609e-05,1
0.2139393027454975,0.00024249586239002058,0
0.3060616232232974,0.0020999441052875776,0
0.8119183758507339,2.997139872236209e-05,1
0.21226098430482893,0.0023354336666775656,0
0.9305465530811612,3.892389444462609e-05,1
0.8401893606185472,0.00010042364766713532,0
0.6737927681837123,0.0003499258110571886,0
0.23308949488402242,3.892389444462609e-05,1
0.9121776471132923,0.0002958215977791583,0
0.7808694846983657,0.0,1
0.0027316079448122597,0.020590740161207204,1
0.026858882355664616,0.0023350444277331194,0
0.432508449465253,0.0005834691777249451,0
0.43853882124172416,0.007975505971703887,0
0.1664139543497384,0.003892000205518163,1
0.35676420204639103,0.0007411109502256807,1
0.07596416500763925,3.892389444462609e-05,1
0.14705541923237186,0.00028025204000130786,0
0.2547687392934858,0.016959140809523588,0
0.8592295939626835,2.9582159777915832e-05,1
0.8930332422797352,0.042699122966810374,1
0.7272211676466503,0.0,1
0.20072688550395854,0.00487716397391165,1
0.5930830131024585,0.0,1
0.18876452613546923,0.007497909786868324,0
0.7080304643733506,0.00015413862200071933,0
0.5939221723227928,0.00029543235883471204,1
0.8601787119774064,0.0019458054832868583,0
0.42483448307792027,0.000641465780447438,1
0.04681929718968471,3.892389444462609e-05,1
0.5448226769757859,0.0017702587193415946,1
0.7588024908560582,0.007075585532144131,0
0.7799319412935785,3.892389444462609e-05,1
0.49357030418074915,0.0,1
0.29580073151534797,0.003892000205518163,1
0.8242221862123247,0.0057144169434155566,0
0.7983992314459003,0.000622003833225125,0
0.9150307884624288,5.682888588915409e-05,0
0.3859322190842169,0.0008469839431150638,0
0.9655018750868096,0.024689426246226328,1
0.7491897773045049,0.0008598288282817904,0
0.473708273531182,0.004212343856797435,0
0.7537791101439881,0.000347590377390511,0
0.42977684152044077,0.012116229862723208,1
0.85418885133571,0.004284353061519993,0
0.9582388073521922,0.015569557777850436,0
0.8980161118570305,5.021182383356766e-05,0
0.4583545534515487,0.0015569557777850437,0
0.3300326404000185,0.01728882619546957,1
0.6992163989073569,0.00958461976804473,0
0.5838001759340711,0.0006208361163917861,0
0.9298173526552156,2.997139872236209e-05,1
0.8029943515903515,0.0,0
0.24601833418213806,0.0009376766171710426,0
0.14601949164313163,0.003892000205518163,1
0.9290765776193343,0.00018255306494529639,1
0.565043520533358,0.00042816283889088704,0
0.4515139589795824,9.341734666710262e-05,0
0.3973100606509561,0.018291116477418694,0
0.4447948979119404,3.892389444462609e-05,1
0.05097458215658132,4.281628388908871e-05,1
0.5435436825778971,0.003775617761128731,1
0.899109912495949,2.997139872236209e-05,1
0.27998981434325665,0.008118745903260111,1
0.49523704801148205,3.892389444462609e-05,1
0.33601092643177927,3.892389444462609e-05,1
0.7739420806518821,0.0,1
0.38465322468632807,0.000462415866002158,0
0.8301194499745359,0.00034642266055717226,1
0.9858558266586417,0.0016554332307299477,1
0.5938874484929858,3.892389444462609e-05,1
0.3296738274920135,7.706931100035966e-05,0
0.5433064030742164,0.004049252739074452,1
0.5817167461456549,0.00017788219761194124,0
0.23957706375295154,0.01062661242232737,1
0.1498854113616371,0.006810903049920674,0
0.7613026066021575,0.0009077052184486804,0
0.20800731515347934,0.0005628395136692933,1
0.7471121348210565,0.028056343115686486,1
0.18950530117135053,0.0279142709009636,1
0.897344784480763,2.997139872236209e-05,1
0.580021065790083,8.874647933374748e-05,1
0.3729512940413908,0.0,1
0.9067838788832817,0.007283049889533989,1
0.23862794573822863,0.0,1
0.9660227325339137,0.00249112924445607,0
0.05067942960322237,3.892389444462609e-05,1
0.7078742071392194,0.005838584166693914,0
0.15752465391916293,0.003892000205518163,1
0.23532339460160193,3.892389444462609e-05,1
0.4906998009167091,0.013791903518564363,1
0.9536089633779342,0.0016659426822299966,0
0.8688943932589472,0.0019461947222313045,1
0.215096763739062,0.0004791531406133472,1
