Time,Amount,Class,FraudRisk
0.9102157507292004,0.0046708673333551,0,0.4999999999999998
0.8905215519237002,0.0,1,0.49999999999999983
0.3265428955044215,0.018839164911199,0,0.1616316436895506
0.868900180563915,0.0092350831959319,1,0.4999999999999999
0.4935703041807491,0.0098446313829348,1,0.13351307722516234
0.6220889856011853,0.0060915894805839,0,0.14907442041193625
0.4904046483633502,0.0017831036045083,0,0.13350623127120528
0.5431559331450531,0.0123022860781685,1,0.13578668414561632
0.371672299643502,0.0033182620014043,0,0.1504675921915369
0.3190251863512199,0.0005838584166693,0,0.16365439195501655
0.6325408583730728,0.0072449044729782,1,0.1514310017114985
0.4706467892032038,0.000941179767671,0,0.1345369476229659
0.3751851937589703,0.0172432852389693,0,0.14967812958952026
0.1921211630168063,0.0002681856327234,0,0.1667283276677185
0.5429823139960184,0.0029527666325693,1,0.13576852168567466
0.1556727163294597,0.0038920002055181,1,0.15702092469627182
0.7504282605676189,7.784778888925218e-05,1,0.34329413491849625
0.654000185193759,3.892389444462609e-05,0,0.15660065723955946
0.8024908560581508,3.853465550017983e-05,0,0.4965967794766511
0.2357863789990277,3.892389444462609e-05,1,0.17953855913637476
0.2423144590027316,3.892389444462609e-05,1,0.1815491466874146
0.15585791008843,0.0038920002055181,1,0.1570676059609462
0.4451131996851706,0.0003892389444462,0,0.13714764551439287
0.3727718875873883,3.892389444462609e-05,1,0.1502191107896311
0.3981202833464512,0.0046187093147993,0,0.1448561655092677
0.9684360387054955,0.01358755307273,1,0.49999999999999983
0.8568278624010371,6.188899216695549e-05,1,0.49999999999999983
0.7148768461502848,0.0017714264361749,1,0.2230971878336167
0.1656616047039215,0.0038920002055181,1,0.15957945657923855
0.5431559331450531,0.0017476828605637,1,0.13578668414561632
0.1982499189777304,0.0007403324723367,1,0.16845479827342305
0.1461525996573915,0.0038920002055181,1,0.15466123168731707
0.8469373582110283,0.0036907636712394,1,0.49999999999999956
0.409903236260938,2.9582159777915832e-05,1,0.14262484938096096
0.3703759433307098,0.0001163824443894,0,0.1507621219550053
0.3821762581601,0.000293096925168,1,0.14814570889471096
0.712289920829668,0.0004281628388908,1,0.21386517080189732
0.0514259919440714,3.892389444462609e-05,1,0.13671937772108744
0.0699858789758785,0.0,1,0.13925916228785024
0.9310037501736192,2.997139872236209e-05,1,0.49999999999999983
0.4873142275105329,0.0,1,0.13360281460913576
0.2960495856289643,0.0038920002055181,1,0.1700827515756603
0.4007766563266818,3.853465550017983e-05,0,0.14433762397826044
0.504664567804065,0.0175651858460264,1,0.13380591731068345
0.2925714153433029,0.0001627018787785,0,0.17108623625007865
0.4084737719338858,0.0028258747366798,0,0.14288589096463508
0.2117864252974675,0.0004281628388908,0,0.17235415145884866
0.9326473447844807,1.4791079888957916e-05,1,0.49999999999999994
0.4998842539006435,0.0126023893043365,1,0.13359987719112024
0.7191710264364091,0.0004577449986688,0,0.23817703024092615
0.1663560813000602,0.0027787768244018,0,0.15976035079157785
0.9836450761609334,0.0095363541389333,1,0.4999999999999998
0.7620549562479745,0.0016924109304523,0,0.3806596285124734
0.8200206028056855,0.0058385841666939,0,0.4999999999999999
0.3651731561646372,0.0004048085022241,0,0.15196112271664414
0.9456109079124034,0.0021408141944544,0,0.49999999999999983
0.2891858419371267,0.0036199221833502,0,0.1720702566356771
0.8791842214917358,3.89238944446261e-07,1,0.49999999999999983
0.3803764063151072,0.0024607686067892,0,0.1485352053714054
0.2418167507754988,0.004392561488076,0,0.18139503088386433
0.2415794712718181,0.0312372037697013,1,0.18132160497770194
0.0994664104819667,0.0001475215599451,1,0.14438470574657575
0.686391731098662,0.0041216511827414,1,0.16513738552401927
0.434238853650632,0.001173166178561,1,0.1386300755944911
0.5430459743506644,3.89238944446261e-07,1,0.13577517431701816
0.6401743136256308,0.024720565361782,1,0.15322097010286595
0.8221792675586833,0.0011673275943943,0,0.5
0.1573394601601926,0.0038920002055181,1,0.15744209974266918
0.8892367702208436,0.009647676477045,1,0.4999999999999996
0.2457173943238113,0.0001163824443894,0,0.18260651324494379
0.5936154451594982,3.89238944446261e-07,1,0.14327230868130875
0.5434510856984119,0.0014763833162846,1,0.13581769728548038
0.2773450159729617,2.9582159777915832e-05,1,0.1755663363865791
0.6185992407055882,0.0003826218823906,0,0.14831309692209055
0.388212417241539,0.0017515752500081,0,0.14686569840758446
0.5433584888189268,3.892389444462609e-05,1,0.13580794912722433
0.4547259132367239,0.0015258166622293,0,0.13601304596992847
0.1538555025695634,0.0038920002055181,1,0.15656441433638427
0.3295580813926571,0.0003386378816682,0,0.1608322982752221
0.3436791055141442,0.000738775516559,1,0.15718443623562456
0.5841879253669151,0.0005819122219471,0,0.14157538910348538
0.8423827492013519,0.0084305262977615,0,0.4999999999999999
0.4475207185517848,0.0006216145942806,0,0.1368474117717709
0.4553740913931201,5.060106277801392e-05,0,0.1359428430685257
0.2077584610398629,3.892389444462609e-05,1,0.17118180271144812
0.966011157923978,0.0043886690986315,0,0.49999999999999983
0.547623732580212,0.0013140706764505,1,0.13627434548460643
0.3129658780499097,0.0006399088246696,0,0.16531463168947477
0.5379242094541414,3.853465550017983e-05,0,0.13526601142317712
0.9568556414648828,0.006967377105588,0,0.49999999999999983
0.2385932219084217,0.0178687922226945,1,0.180400160556635
0.189163850178249,0.0,1,0.16590431581408607
0.3020220843557572,0.0002674071548345,0,0.16837764649133113
0.1176501226908653,0.0004612481491688,0,0.14810832433225735
0.9396789203203852,0.0041531795372416,0,0.49999999999999983
0.7872760312977453,0.0015289305737849,0,0.4600733750407736
0.3870723181628779,0.0008212941727816,0,0.14710431748859962
0.2783520070373628,0.0171342983345244,0,0.17526578974946627
0.9165181258391591,2.9582159777915832e-05,0,0.49999999999999983
0.8354784943747396,0.0001541386220007,0,0.4999999999999998
0.9095502106579008,7.706931100035966e-05,0,0.49999999999999983
0.941478772165378,3.892389444462609e-05,0,0.49999999999999983
0.444904856706329,3.892389444462609e-05,1,0.13717411826261094
0.3746122505671559,0.0139036150956204,0,0.14980601670570515
0.2260637066530858,0.0007765316941702,0,0.17658805595854193
0.7446120190749572,0.0029173458886247,0,0.3242986777540039
0.327700356497986,0.0059732608414723,1,0.16132397084169423
0.7892379276818372,0.0002136921805009,0,0.4662203592228542
0.9506285013195056,0.0025798757237898,0,0.49999999999999994
0.4420112042224177,0.0008952495722264,0,0.13754975746103673
0.6888976341497292,0.0022143803549547,0,0.16583043327563826
0.1253646002129728,3.892389444462609e-05,1,0.1498008429149679
0.188446224362239,0.0011673275943943,0,0.16570526620872691
0.4389728691143109,0.0038865508602959,1,0.13795989437822537
0.8646060002777907,0.0007823702783369,0,0.49999999999999983
0.4556055835918329,0.0023354336666775,1,0.13591796944204307
0.157715634983101,0.0038920002055181,1,0.15753748011316743
0.8531587110514376,0.0017095374440079,0,0.49999999999999983
0.1046807722579749,0.0474439456996103,1,0.14541237765426582
0.337747117922126,0.0006223930721695,0,0.15869716723978006
0.3784029353210797,0.0527126840516348,1,0.14896630970150918
0.4145851659799064,0.0001802176312786,0,0.14178931763664776
0.5270787999444418,0.0015086901486737,1,0.1343705942821472
0.8286378999027733,0.0001790499144452,0,0.4999999999999999
0.3728297606370665,7.706931100035966e-05,0,0.15020606716175205
0.6940656974859948,0.0003892389444462,0,0.16727338420900628
0.3451548682809389,0.0106125998203273,0,0.1568126739520044
0.5438041113014491,0.0004437323966687,1,0.13585501739824957
0.3737730913468216,0.0,1,0.14999394258520407
0.6931397286911432,0.0001556955777785,0,0.16701351526007777
0.2445020602805685,0.0011287929388941,0,0.18222815238542794
0.7347504514097876,0.0052936496444691,0,0.2915388126437859
0.80382193620075,3.89238944446261e-07,1,0.4974273731464903
0.4492511227371638,0.0041609643161305,1,0.13663814925693732
0.9426709569887496,0.0006613169666141,0,0.49999999999999983
0.5840779665725265,3.892389444462609e-05,1,0.1415563197315843
0.9026170193064494,2.997139872236209e-05,1,0.4999999999999998
0.147148016111857,0.0001463538431117,1,0.15490421376240013
0.900018519375897,0.0004425646798353,0,0.4999999999999998
0.2828661049122645,0.0006434119751696,0,0.17392581021338918
0.787414926616973,0.0017698694803971,0,0.46050815165282016
0.9008518912912636,0.0013969785716176,0,0.4999999999999996
0.6431837122088986,3.892389444462609e-05,0,0.15394186350426206
0.7442184823371453,3.892389444462609e-05,1,0.32300483602214963
0.6462972822815871,0.0085243328833731,0,0.1546964933891822
0.5298509190240289,0.0101676997068252,1,0.13457490420498383
0.3415146534561785,0.0540870867644746,1,0.15773301206736814
0.5431964442798278,0.0073379325807009,1,0.1357909306461128
0.5433064030742164,0.0011797832406166,1,0.13580247323635894
0.2368107319783323,0.0043723210629648,1,0.17985249420495936
0.8843117736932266,0.0139328080164539,1,0.4999999999999998
0.9069285615074772,0.0002954323588347,1,0.4999999999999998
0.5530290754201583,6.344594794474053e-05,1,0.13691504924697437
0.2966630399555535,0.0022190512222881,0,0.16990655775582708
0.406673920088893,0.01238208006178,1,0.1432184442399255
0.8909729617111903,0.0004476247861132,0,0.49999999999999994
0.4681698226769758,0.0001658157903341,0,0.13473128913863885
0.8241643131626465,7.784778888925218e-05,1,0.4999999999999998
0.2218273994166396,0.0037366938666841,0,0.17531929223263631
0.7095698874947914,0.0827471394829972,1,0.20416154292838928
0.3615155794249733,0.0545775278344769,1,0.15281988366294655
0.2418572619102736,0.0038920002055181,1,0.181407570105888
0.9658028149451364,0.0007765316941702,1,0.49999999999999983
0.0151569517107273,5.021182383356766e-05,0,0.13369806775831472
0.6933596462799204,0.0050211823833567,0,0.1670751818707927
0.8394833094124728,0.0019134986508978,0,0.4999999999999998
0.8632749201351915,7.706931100035966e-05,0,0.49999999999999983
0.7660539839807399,0.0033863788166824,0,0.39338196454017405
0.3105352099634242,0.0,1,0.16598789411027717
0.6717151257002639,0.0025300531389006,1,0.16116898446680936
0.2502951525533589,0.0007126965072811,0,0.18385360394313333
0.7101601926015093,2.997139872236209e-05,0,0.2062764946854109
0.5816299365711376,2.9582159777915832e-05,1,0.14113622655065552
0.1660493541367656,0.0038920002055181,1,0.15968040861108226
0.0673352933006157,3.892389444462609e-05,1,0.13886111583902794
0.4873142275105329,0.0,1,0.13360281460913576
0.4603222371406084,7.784778888925218e-06,1,0.135434333220354
0.8806252604287236,3.892389444462609e-05,1,0.49999999999999983
0.8315489143015881,0.0001163824443894,0,0.4999999999999998
0.2940413908051298,0.0038920002055181,1,0.1706612056758486
0.8965461363952035,0.0023354336666775,0,0.49999999999999967
0.8639288855965555,0.0004904410700022,0,0.49999999999999967
0.8798786980878744,3.892389444462609e-05,1,0.49999999999999983
0.155464373350618,0.0038920002055181,1,0.15696844306692576
0.2444962729756007,3.892389444462609e-05,1,0.18222635260759143
0.8656766516968378,4.281628388908871e-05,1,0.49999999999999983
0.7582758461039864,0.028150149701298,1,0.3685813846588694
0.9205634520116672,0.0017815466487305,0,0.4999999999999997
0.8655377563776101,6.96737710558807e-05,0,0.4999999999999997
0.850473401546368,0.0011677168333387,0,0.49999999999999983
0.0216850317144312,0.0001946194722231,0,0.13402384087040622
0.8359704152970046,0.0,0,0.4999999999999998
0.5330223621463956,0.0233827511097202,1,0.1348296361498861
0.3607863789990277,4.281628388908871e-05,1,0.15299262385081916
0.7450171304227048,0.0003888497055018,0,0.32562929264751295
0.1158097597110977,3.892389444462609e-05,1,0.1477140941864849
0.0035128941154683,0.0027242833721793,0,0.1333921095321909
0.5193180239825919,7.706931100035966e-05,0,0.13389354677884907
0.3497789249502291,0.0005040644330579,0,0.15565993518719734
0.58481295430344,3.580998288905601e-05,1,0.1416841072801596
0.7799145793786749,0.0055345885510813,0,0.4370726369772481
0.7158954118246216,2.997139872236209e-05,0,0.22670048090920727
0.9098048520764852,0.0001934517553897,1,0.5
0.5738633733043197,0.0001556955777785,0,0.13986139522552643
0.3956028056854484,0.0007625190921702,1,0.14535563225571127
0.7970507893883977,7.706931100035966e-05,0,0.4907791240453797
0.0729026806796611,3.892389444462609e-05,1,0.139710011019454
0.0699974535858141,0.0011828971521721,1,0.13926092500598533
0.0049828695772952,0.0003892389444462,0,0.1334102246057329
0.336051437566554,3.892389444462609e-05,1,0.15913489611601175
0.5461016713736747,3.892389444462609e-05,1,0.13610386669254307
0.6746377147090143,0.0022186619833436,0,0.1619465166646088
0.3005752581138016,5.021182383356766e-05,0,0.16878858450868062
0.5433064030742164,0.0040492527390744,1,0.13580247323635894
0.0540881522292698,3.89238944446261e-07,0,0.137046887881526
0.0082295476642437,6.96737710558807e-05,0,0.13347170704584252
0.2368049446733645,2.9582159777915832e-05,1,0.17985071892802387
0.8296333163572388,3.892389444462609e-05,1,0.4999999999999998
0.1658525857678596,0.0038920002055181,1,0.1596291642807453
0.2421987129033751,0.0046455668019661,0,0.18151329365982716
0.7831496828556878,0.0311196536084785,0,0.4471785257751382
0.1709049030047687,2.6468248222345745e-05,1,0.16095458521484227
0.8192798277698042,0.0001747682860563,1,0.5000000000000003
0.5804551136626696,3.892389444462609e-05,1,0.14093767663261195
0.6841173202463077,0.0019053246330644,0,0.16451217285084013
0.7644219639798139,0.0187114945374206,1,0.3882045291412005
0.409185610444928,0.0110508828717737,0,0.14275555598783662
0.4829043011250521,0.0006570353382252,0,0.13378374448217045
0.0258229547664243,0.0093390099940991,1,0.13428379393706308
0.2093268206861429,0.0043477990094647,1,0.17163708771307062
0.7454222417704524,0.0068467130328097,1,0.3269586436064056
0.9002037131348674,0.000274802694779,1,0.4999999999999998
0.8928538358257327,0.0585777364665511,1,0.49999999999999983
0.3607227186443817,3.892389444462609e-05,1,0.1530077282661251
0.4578973563590907,0.000875787625004,0,0.13567741933203648
0.0435552571878327,3.892389444462609e-05,1,0.1358286842078322
0.1239582851057919,3.892389444462609e-05,1,0.14948758515649005
0.5433064030742164,0.0011797832406166,1,0.13580247323635894
0.6369218482337146,0.0416917725785834,0,0.1524514324796114
0.6213019121255614,7.706931100035966e-05,0,0.14890156741984295
0.8837793416361869,9.614201927822644e-05,1,0.49999999999999983
0.2077989721746377,0.0003553751562794,1,0.17119354361868824
0.9468551784804852,3.892389444462609e-05,0,0.49999999999999983
0.3536506319737025,0.0039507752861295,1,0.1547091922279368
0.86710611602389,0.0004180426263352,0,0.49999999999999983
0.5563683503865919,0.0003814541655573,0,0.1373375770073862
0.3057664706699384,0.0003787294929462,0,0.16732054714461417
0.1871903791842215,0.0008559364388373,0,0.16535778927371367
0.5939048104078892,0.0135042559386185,1,0.1433262830615071
0.733072132969119,0.0003888497055018,0,0.2859034110828402
0.0641233390434742,3.892389444462609e-05,1,0.13839399516094467
0.1723748784665957,0.0011793940016721,1,0.16134393855973905
0.0444002037131348,3.892389444462609e-05,1,0.1359185900040281
0.7930980600953749,0.0035004258274052,0,0.47835921088496414
0.362343164035372,0.0011287929388941,0,0.15262445014111084
0.6603199222186212,0.0001942302332786,0,0.15820104074687585
0.7269549516181305,0.0001253349401116,1,0.2651061068607811
0.3904115931293115,2.997139872236209e-05,0,0.14640964109357119
0.2384543265891939,0.0034342552068493,1,0.18035742222358908
0.632535071068105,0.0,1,0.15142966616824138
0.4446154914579379,0.0099162513487129,1,0.13721101465451316
0.7756493356173897,0.0067595235092537,0,0.4236304487120783
0.7686409093013565,0.0001556955777785,0,0.4015507191266947
0.339379137923052,0.0044342100551318,1,0.15827808069709717
0.9811391731098662,0.0111147180586629,0,0.49999999999999983
0.1708759664799296,2.6468248222345745e-05,1,0.16094693743780725
0.8066635029399509,0.0003343562532793,0,0.4991576876911325
0.8950472244085375,2.997139872236209e-05,1,0.4999999999999998
0.2056287328117042,0.0006570353382252,0,0.17056601107457617
0.418578406407704,0.0092989183828211,1,0.14110087018835385
0.4952544099263855,0.0093717060654326,1,0.13350023189189186
0.3679452752442242,0.0112949356899416,1,0.15131893187058956
0.3270000925968795,0.0073577837668676,0,0.16150999110833955
0.3529966665123385,0.0497844394725656,0,0.1548688412267447
0.9471734802537156,3.892389444462609e-05,0,0.49999999999999983
0.394734709940275,3.892389444462609e-05,1,0.14552964903203827
0.6799678225843789,0.0085476872200398,0,0.1633810301988774
0.2280834760868559,0.0017083697271746,0,0.17719659798363177
0.0140515764618732,3.892389444462609e-05,0,0.1336535086976013
0.9605826658641604,0.0,1,0.5
0.3252696884115005,0.0042037806000196,0,0.16197125706531815
0.594176813741377,0.0,1,0.1433771190052694
0.8898617991573684,0.0019995204576204,1,0.49999999999999994
0.2977336913746007,5.021182383356766e-05,0,0.16959962493788255
0.6371070419926849,3.892389444462609e-05,1,0.15249497864157044
0.0436536413722857,3.892389444462609e-05,1,0.13583908041068846
0.2715692856150747,3.892389444462609e-05,1,0.17730145224602176
0.6597701282466781,0.0003110019166125,0,0.15806048740533957
0.8536332700587991,0.0387787083183476,1,0.4999999999999997
0.2114507616093337,0.0046319434389105,0,0.17225607481399055
0.751238483263114,0.0107496119287723,1,0.3459216418609395
0.1808185564146488,0.0007224274808922,0,0.16361192548383185
0.2457984165933608,0.0004557988039465,0,0.18263176615064042
0.5461016713736747,3.892389444462609e-05,1,0.13610386669254307
0.9249560164822446,0.0012502354895613,0,0.4999999999999998
0.2668757812861707,0.005663426641693,0,0.17872540851289234
0.8088742534376592,0.0046918862363552,1,0.5000000000000002
0.443469605074309,0.0011828971521721,0,0.13735858713295704
0.8385226167878143,0.0175772522533042,0,0.4999999999999998
0.1093511273670077,0.0004612481491688,0,0.14636077026599703
0.8628640214824761,0.0,1,0.4999999999999997
0.3116868836520209,3.464226605571722e-05,0,0.1656683849202216
0.394734709940275,3.892389444462609e-05,1,0.14552964903203827
0.6186050280105561,0.000466697494391,0,0.14831434856048226
0.7067977684152045,0.0310406381027559,0,0.19440314695398145
0.3709257373026529,0.0114786564717202,1,0.15063700144522865
0.1662461225056715,0.0038920002055181,1,0.15973168369125265
0.256915829436548,3.892389444462609e-05,1,0.18178775647487005
0.5431964442798278,0.0030360637666808,1,0.1357909306461128
0.7383617297097088,0.0013020042691727,0,0.30363015612836536
0.3097249872679291,0.0030749876611254,0,0.16621322248079187
0.5597307745728969,3.892389444462609e-05,1,0.13778295888119205
0.1593418676790592,0.0030555257139031,0,0.157951176808734
0.6701988517986944,0.0044419948340207,0,0.16076816390377016
0.2406477151719987,0.0015355476358404,1,0.1810335733314624
0.7091532015371083,2.997139872236209e-05,0,0.20266485084945762
0.5434105745636372,3.892389444462609e-05,1,0.13581343038139249
0.9949361081531553,0.0006220038332251,0,0.49999999999999983
0.8566831797768415,0.0,1,0.4999999999999997
0.0023496458169359,0.0,1,0.1333821529136461
0.5461016713736747,3.892389444462609e-05,1,0.13610386669254307
0.9048046205842863,0.0019458054832868,0,0.49999999999999994
0.9932230658826798,5.682888588915409e-05,0,0.49999999999999983
0.5620688457798972,0.0003363024480015,1,0.13810414751108624
0.749965276170193,0.0007590159416702,0,0.34179057654884437
0.6923063567757767,0.0001187178780561,0,0.16678012771112133
0.8660123153849716,7.784778888925218e-05,1,0.49999999999999983
0.3071669984721515,4.5930195444658784e-05,1,0.16692756106644144
0.2389288855965554,0.0014526397406734,1,0.1805034887887862
0.2159474975693319,0.0011677168333387,0,0.1735756366636589
0.2565685911384786,0.000818180261226,0,0.18189550647473027
0.2741446363257558,0.0091864283278762,0,0.17652541622173845
0.2004375202555673,0.0007379970386701,1,0.16907705296246842
0.4781818602713089,3.464226605571722e-05,0,0.1340315706928136
0.3218783277003565,0.005077232791357,1,0.16288178992314536
0.4935703041807491,0.0098446313829348,1,0.13351307722516234
0.7283670540302792,0.0007395539944478,0,0.2699410235630199
0.1572005648409648,0.0038920002055181,1,0.15740691239157645
0.5329644890967175,0.0007006301000032,1,0.13482479063871586
0.2396696606324367,0.0041473409530749,1,0.18073174326140548
0.5431559331450531,0.0123022860781685,1,0.13578668414561632
0.8337480901893607,0.0,0,0.4999999999999999
0.5572653826566045,0.0013074536143949,1,0.13745446429275404
0.2487846659567572,0.0252226836001177,1,0.18356503566854265
0.8213632575582203,2.9582159777915832e-05,1,0.5
0.4585223852956155,3.892389444462609e-05,0,0.1356136279257062
0.2410181026899393,0.0067073654906979,1,0.18114801322774804
0.7538080466688273,0.0020240425111205,0,0.35422666889479104
0.293451085698412,0.0038920002055181,1,0.1708317245909663
0.0673005694708088,3.892389444462609e-05,1,0.1388559760127993
0.8585003935367378,0.0017126513555635,0,0.4999999999999997
0.3368153618223066,6.811681527809567e-05,1,0.15893740610327145
0.7017280892633918,0.0009730973611156,0,0.18086415213222956
0.8062815408120747,0.0058054988564159,0,0.4989283777560065
0.3056507245705819,0.0202365327217611,1,0.16735308431175056
0.2498900412056113,5.9164319555831664e-05,0,0.1839117371919538
0.2430147229038381,3.892389444462609e-05,1,0.18176621441944016
0.309337237835085,0.000311391155557,1,0.1663212176250677
0.0436073429325431,3.892389444462609e-05,1,0.13583418570137407
0.4713065419695356,0.002179738088899,0,0.134487488725052
0.8552305662299181,0.0057451668200268,0,0.4999999999999996
0.1607944812259827,0.0009092621742264,1,0.15832256069685188
0.912125561368582,7.745854994480592e-05,0,0.49999999999999983
0.8969975461826937,0.0017904991444528,0,0.4999999999999996
0.4110896337793416,0.0165971485911885,1,0.1424102870462353
0.2490161581554701,0.0079509839182037,1,0.18363758740490546
0.7386510949580999,0.0116771683333878,0,0.30459351767145015
0.4064366405852123,0.0001475215599451,1,0.14326260496135262
0.3815917403583499,0.0039507752861295,1,0.14827181338833054
0.8947115607204037,0.0002623470485567,1,0.4999999999999998
0.955669243946479,0.0004791531406133,1,0.49999999999999983
0.2402020926894763,0.0141756931177883,1,0.18089598783620353
0.2036726237325802,0.0020240425111205,0,0.17000293602092426
0.8923966387332747,0.0005838584166693,0,0.4999999999999998
0.3278508264271494,0.0002927076862235,1,0.1612840483780629
0.0997152645955831,0.0001529709051673,1,0.14443298540237035
0.9799990740312052,0.0010509451500049,0,0.5
0.2366544747442011,2.9582159777915832e-05,1,0.1798045682349559
0.8215195147923515,0.0023023483563996,0,0.5000000000000002
0.1452324181675077,0.0001214425506672,1,0.1544374106508085
0.7799493032084819,0.0360166687685569,1,0.43718219081320403
0.8568278624010371,6.188899216695549e-05,1,0.49999999999999983
0.2130769943052919,0.0011677168333387,0,0.1727318785623721
0.7398548543914071,5.021182383356766e-05,0,0.3085929682643562
0.0524561322283439,0.0704397932985509,1,0.13932844817939175
0.8592758924024261,2.9582159777915832e-05,1,0.4999999999999997
0.957729524515024,3.892389444462609e-05,0,0.4999999999999998
0.6424429371730173,0.0007784778888925,0,0.1537636319570303
0.2021389879161072,0.0001144362496672,0,0.16956317364014398
0.0858373072827445,0.0002720780221679,0,0.1418634699415869
0.5921454696976712,0.0008578826335595,1,0.1429998217365109
0.1183561738969396,3.892389444462609e-05,1,0.1482605611644461
0.1502500115746099,0.0040480850222411,0,0.15566709094348063
0.8743749710634752,0.0156824370717398,0,0.4999999999999999
0.4357030418074911,0.0053882347079695,0,0.1384188116680921
0.8110792166303996,0.0007002408610588,0,0.5000000000000001
0.4857516551692208,3.892389444462609e-05,1,0.13366121070348327
0.3536737811935738,0.0001397367810562,0,0.15470354799735936
0.2193620075003472,0.0001467430820562,0,0.1745857115140251
0.960854669197648,0.0015530633883405,1,0.49999999999999994
0.8932820963933515,0.0005445452832803,0,0.4999999999999998
0.8592932543173295,0.0047751833704667,1,0.4999999999999999
0.049354136765591,3.892389444462609e-05,1,0.13647351775905583
0.4496735959998148,4.476247861132e-05,0,0.13658789873201913
0.9008634659011991,2.997139872236209e-05,1,0.4999999999999998
0.8867077179499051,0.0040870089166857,0,0.4999999999999998
0.2527431825547479,0.0382275459730117,0,0.18308693558018743
0.7304678457335988,0.0009730973611156,1,0.2771002010306393
0.1721896847076253,2.6468248222345745e-05,1,0.16129479503149088
0.1534966896615584,0.0038920002055181,1,0.15647460954472608
0.8740508819852771,0.0004164856705574,1,0.4999999999999997
0.4935703041807491,0.0,1,0.1334340065371732
0.5247696652622806,0.0002720780221679,1,0.1342138052589652
0.7016412796888745,0.0056291736145818,1,0.18063353668125648
0.6397981388027224,0.0031224748123479,1,0.15313145371687795
0.8688365202092689,0.001245564622228,0,0.4999999999999999
0.4969211537571184,3.892389444462609e-05,1,0.13341120544650503
0.045667623501088,3.892389444462609e-05,1,0.1360560679796354
0.3227001250057873,0.0121407519162233,1,0.1626603639410689
0.7435008565211353,0.0026429324327901,1,0.3206422110444308
0.8631649613408029,7.706931100035966e-05,0,0.4999999999999999
0.3657866104912264,3.892389444462609e-05,0,0.15181835877939312
0.3910539839807398,0.0213715534837664,1,0.14627748427266707
0.2145064586323441,0.0028340487545132,0,0.17315143636540245
0.5532895041437104,0.0003892389444462,0,0.13694728011883006
0.1887355896106301,0.0057735812629713,0,0.16578548527991538
0.1797189684707625,0.0013623363055619,0,0.16331358900841483
0.3527130885689152,0.0027242833721793,0,0.15493818907173945
0.257795499791657,0.0038141524166289,0,0.18151508613643422
0.3121498680494467,0.0101930002382142,1,0.16554019796478783
0.762888328163341,0.0001724328523896,0,0.3833174324827609
0.3628524468725404,0.0003141158281681,0,0.15250450875547014
0.226023195518311,0.0044497796129096,0,0.1765758740638703
0.2088117505440066,0.0007784778888925,0,0.1714873978803719
0.8869044863188111,0.0013000580744505,0,0.4999999999999998
0.2892784388166119,0.0140126020000653,1,0.1720432492194781
0.4397078568452243,0.0038884970550181,1,0.1378592253979772
0.4139543497384138,0.0054485667443587,0,0.14190012984446104
0.229970137506366,0.0010898690444495,0,0.17776712862492738
0.953093893235798,5.021182383356766e-05,0,0.49999999999999983
0.7483448307792028,0.0031489430605702,1,0.336514767361044
0.8300963007546646,3.892389444462609e-05,1,0.4999999999999998
0.162872123709431,0.0038920002055181,1,0.15885675063345353
0.2381302375109958,0.0034342552068493,1,0.18025774084324447
0.8644150192138526,0.0003499258110571,0,0.4999999999999999
0.7959569887494792,0.0001167716833338,0,0.48737029976421475
0.7818359646279921,0.013428743583396,1,0.4430794559002821
0.2319899069401361,3.892389444462609e-05,1,0.17838013676130582
0.2382286216954488,0.0002062966405565,1,0.18028799513463137
0.8450738460113895,4.5930195444658784e-05,1,0.49999999999999983
0.3410632436686884,0.0019461947222313,0,0.1578479147939657
0.826658641603778,0.0056361799155818,1,0.4999999999999999
0.200744247418862,0.0007403324723367,1,0.1691645489291274
0.1835385897495254,5.021182383356766e-05,0,0.1643536707388777
0.1997835547942034,5.9164319555831664e-05,1,0.16889070854032598
0.5879728228158712,0.0057556762715268,1,0.14224208478823439
0.8862331589425436,0.0078898734039257,0,0.4999999999999998
0.8373130700495394,7.706931100035966e-05,0,0.4999999999999998
0.7646245196536877,5.449345222247652e-05,0,0.38884966304236274
0.2197786934580304,0.0136233630556191,0,0.17470944683752204
0.4304423815917403,0.0003499258110571,0,0.13919409073297906
0.1611359322190842,3.892389444462609e-05,0,0.15841011021120663
0.2070176860039816,0.0023587880033443,1,0.1709672922916739
0.0447937404509468,3.892389444462609e-05,1,0.13596094197886688
0.8050546321588963,0.0008746199081707,1,0.4981849955607108
0.4926153988610584,0.0006344594794474,0,0.13345289658411097
0.1032339460160192,0.0298297157465836,1,0.14512388160399903
0.1013935830362516,3.892389444462609e-05,1,0.14476061304546717
0.562728598546229,0.0003822326434462,1,0.13819645528685712
0.2959338395296079,0.0038920002055181,1,0.1701160225338847
0.9311484327978148,0.0049487839396897,1,0.49999999999999994
0.447416547062364,9.692049716711898e-05,0,0.13686018495392785
0.4292270475484976,0.0003888497055018,0,0.13937950841193142
0.2568984675216445,0.0027888970369574,0,0.1817931424025168
0.2080709755081254,0.0043477990094647,1,0.1712724018805459
0.8569493958053613,0.0,1,0.49999999999999983
0.3199164313162646,3.892389444462609e-05,1,0.1634124135787938
0.8802375109958794,3.892389444462609e-05,1,0.4999999999999998
0.8382274642344554,0.0,1,0.4999999999999998
0.3272489467104958,0.0025281069441784,0,0.1614438419319169
0.2889543497384138,3.464226605571722e-05,0,0.17213779817230648
0.2007210981989907,0.0044381024445762,0,0.16915794333638007
0.3174105282651975,6.96737710558807e-05,1,0.16409424497734923
0.8040997268392055,0.0283330920051877,1,0.4975990627059434
0.4427461919533312,0.0002273155435566,0,0.13745294705282474
0.4168595768322607,0.0021404249555099,0,0.14139442359116716
0.738095513681189,0.0040480850222411,0,0.3027431702946372
0.1531205148386499,0.0001148254886116,0,0.15638057835921954
0.7679059215704431,3.892389444462609e-05,1,0.399231519127864
0.8668919857400806,0.0008563256777817,0,0.4999999999999999
0.4466757720264827,3.892389444462609e-05,1,0.1369515868751288
0.7076137784156674,0.0002942646420013,0,0.1971074180536746
0.5863292282050095,8.874647933374748e-05,1,0.14195012508713997
0.583603407565165,0.0006208361163917,0,0.14147421650104902
0.0486596601694522,3.892389444462609e-05,1,0.1363929025176313
0.0404301125052085,0.0022965097722329,1,0.13550848098123913
0.7528010556044261,0.0001965656669453,0,0.35097681910534284
0.5735682207509607,0.0001926732775008,0,0.13981473466043012
0.4466121116718367,3.892389444462609e-05,1,0.13695948827667886
0.945066901245428,0.0044754693832431,0,0.49999999999999994
0.742007731839437,0.0424426145024202,0,0.31571553740137803
0.220120144451132,0.0013993140052843,0,0.1748109171079334
0.8980334737719339,0.0021618330974545,0,0.49999999999999983
0.7940819019399047,0.0015355476358404,1,0.4814645569113065
0.3886175285892865,0.0190614203484778,1,0.14678126832411081
0.320101625075235,3.230683238903965e-05,1,0.16336220485780276
0.5296772998749942,3.892389444462609e-05,1,0.13456160067765363
0.9283300152784852,0.0021707855931767,0,0.5
0.5534283994629381,6.344594794474053e-05,1,0.13696452026808886
0.8743923329783787,0.0007979398361148,0,0.49999999999999983
0.0440413908051298,3.892389444462609e-05,1,0.1358802393703598
0.4431628779110144,0.0085554719989288,1,0.13739848320932627
0.0513796935043289,3.892389444462609e-05,1,0.13671379665489944
0.6695390990323626,0.0006640416392253,1,0.1605943155592177
0.9471908421686188,3.892389444462609e-05,0,0.49999999999999983
0.4519943052919117,0.0021345863713432,0,0.13631782227797476
0.5931350988471689,0.0040480850222411,1,0.14318295405072995
0.8636742441779712,3.892389444462609e-05,1,0.49999999999999983
0.1996909579147182,3.853465550017983e-05,0,0.1688643459333717
0.5189302745497477,0.0008773445807818,0,0.13387350725030137
0.3492812167229964,0.0177033656713048,1,0.15578311666919534
0.742204500208343,3.892389444462609e-05,0,0.3163647359252677
0.2059412472799666,2.9582159777915832e-05,1,0.17065619372693958
0.6222220936154452,0.0023926517915111,0,0.1491037182619772
0.1560315292374647,0.0038920002055181,1,0.1571113960503644
0.8534191397749896,0.0039566138702962,0,0.5
0.5135480809296726,0.000358489067835,1,0.13363425647769908
0.3994050650493078,0.0056054300389706,0,0.14460426980168553
0.8662206583638131,0.000676886524392,1,0.4999999999999997
0.2665459049030048,3.892389444462609e-05,1,0.17882595418357528
0.1634450669012454,0.0284479174937994,1,0.15900467933678983
0.3585119681466734,0.0003110019166125,0,0.15353463050449973
0.8814470577341544,3.892389444462609e-05,1,0.4999999999999998
0.329916894300662,3.89238944446261e-07,1,0.16073763979190156
0.4929684244640955,7.784778888925218e-05,1,0.13344561905305063
0.4082133432103338,0.0321055958547609,1,0.14293374358389077
0.9788763368674476,0.0151803188334041,1,0.49999999999999994
0.2384022408444835,5.9164319555831664e-05,1,0.18034139809265046
0.2182797814713644,0.0007161996577811,0,0.1742648212409913
0.4529781471364415,0.0203178836611503,0,0.13620640101761203
0.8954118246215103,0.0009692049716711,0,0.49999999999999967
0.5090455576647067,3.892389444462609e-05,0,0.1334917251921593
0.2390446316959118,0.0023229780204552,1,0.18053913361748292
0.2383270058799018,0.0004429539187798,1,0.18031825476846702
0.9273751099587944,0.0060721275333616,1,0.49999999999999983
0.9702011667206816,6.96737710558807e-05,0,0.49999999999999983
0.1458285105791935,0.0038920002055181,1,0.15458231412926152
0.4982522338997176,0.0003499258110571,0,0.13341120544650503
0.9210032871892218,8.913571827819375e-05,0,0.49999999999999994
0.7437786471595907,0.0036335455464058,1,0.3215572852949924
0.4873142275105329,0.0199387649292597,1,0.13392639638315137
0.1080779202740867,0.0073480527932565,1,0.14609966224893028
0.6007685540997268,8.835724038930123e-05,1,0.14463819003617964
0.3369484698365665,0.010509451500049,1,0.15890304318213014
0.3785186814204361,0.0109508484630511,0,0.14894090945840374
0.9143883976110004,0.000325403757557,0,0.49999999999999983
0.8390781980647253,0.000104705276056,0,0.4999999999999999
0.4762315384971526,3.892389444462609e-05,1,0.13414967971521852
0.8800060187971666,3.892389444462609e-05,1,0.49999999999999983
0.6367655909995833,3.892389444462609e-05,0,0.15241471604972343
0.5431964442798278,0.0073379325807009,1,0.1357909306461128
0.5934418260104635,8.874647933374748e-05,1,0.14323997680833309
0.2361567665169683,0.0005838584166693,0,0.17965200526935737
0.2577202648270753,3.892389444462609e-05,1,0.18153839000647115
0.2388594379369415,0.0067365584115314,1,0.18048210543661775
0.4386892911708875,0.0006811681527809,0,0.1379989811176308
0.1176674846057687,3.892389444462609e-05,1,0.14811206129741583
0.6397692022778833,2.9582159777915832e-05,1,0.15312457336250748
0.4566125746562341,0.0001946194722231,0,0.1358109936064488
0.2458099912032964,3.892389444462609e-05,1,0.18263537400305865
0.9180864854854393,0.0115214727556093,1,0.49999999999999994
0.8091578313810824,2.6857487166792e-05,1,0.4999999999999999
0.3302988564285383,0.0066170620555864,0,0.16063698387211897
0.5461132459836103,3.892389444462609e-05,1,0.13610514630923018
0.0498518449928237,3.892389444462609e-05,1,0.136531849190135
0.3066866521598222,0.0038923894444626,0,0.16706219671688985
0.2728772165378026,0.0038495731605735,0,0.1769068582356444
0.831977174869207,0.0010112427776713,0,0.4999999999999999
0.8240775035881291,0.0124560354612247,1,0.4999999999999999
0.752251261632483,0.0019461947222313,0,0.3491999071130245
0.7119484698365666,6.96737710558807e-05,0,0.21264644543154643
0.0915378026760498,0.0004433431577242,1,0.1428880158277354
0.310934534006204,0.0043769919302982,1,0.16587700569468533
0.4372656141488032,0.0011657706386165,1,0.13819726823982018
0.7049979165702116,0.010802548425217,0,0.1895727770116385
0.1749444418723089,0.0027783875854574,0,0.16202849394715
0.8796877170239363,0.000387292749724,0,0.4999999999999998
0.4217614241400065,0.0018157996758418,0,0.14056855147396047
0.2670783369600444,3.892389444462609e-05,1,0.1786637000613123
0.529000185193759,0.0020508999982873,1,0.13451036113211573
0.4482730681976017,0.0036701340071837,0,0.13675575092835454
0.2947242927913329,0.0003900174223351,0,0.1704642120731723
0.822092457984166,1.751575250008174e-05,0,0.5000000000000001
0.0489085142830686,3.892389444462609e-05,1,0.13642168523232723
0.2390619936108153,2.9582159777915832e-05,1,0.18054448097872092
0.54951618130469,0.0222442271972149,1,0.13649245843744517
0.4465137274873837,0.0050211823833567,1,0.1369717139880069
0.8946884115005325,0.0007936582077259,0,0.4999999999999998
0.7566033149682856,0.0075512355222574,0,0.3632188139932543
0.3308197138756424,3.892389444462609e-05,1,0.16049990836254469
0.2382633455252558,0.0032454743187929,1,0.18029867439540745
0.2203111255150701,7.706931100035966e-05,0,0.17486770149556244
0.3218551784804852,3.230683238903965e-05,1,0.16288803449500452
0.5431732950599565,0.0081603944703158,1,0.13578850367648246
0.4111359322190842,0.0023334874719553,0,0.14240195260905242
0.8693689522663086,0.0002709103053345,0,0.4999999999999997
0.9887379045326172,0.0005838584166693,0,0.49999999999999994
0.9471850548636512,3.892389444462609e-05,0,0.49999999999999994
0.7649312468169823,0.0037366938666841,0,0.389826452503302
0.8986990138432335,0.0345881618424391,0,0.49999999999999983
0.3345756747997592,0.0016235156372853,0,0.15951773898102525
0.1064806241029677,3.892389444462609e-05,1,0.14577479460070708
0.0791645446548451,9.692049716711898e-05,0,0.14072187853838244
0.2767836473910829,0.0002950431198902,1,0.1757341380597439
0.3189094402518635,0.0001973441448342,0,0.16368586000614807
0.3069065697485995,2.9582159777915832e-05,1,0.16700053697208447
0.048700171304227,3.892389444462609e-05,1,0.1363975801140422
0.8250960692624659,0.0006936237990032,0,0.4999999999999999
0.1143687207741099,3.892389444462609e-05,1,0.14740803673748934
0.8858106856798926,2.9582159777915832e-05,0,0.4999999999999998
0.8035672947821658,0.0002993247482791,0,0.49726949489267414
0.3843117736932265,3.892389444462609e-05,0,0.14768819242628528
0.3746353997870272,0.0015849809817851,0,0.1498008429149679
0.9443782119542572,0.0015561772998961,1,0.49999999999999983
0.5131719061067642,4.5930195444658784e-05,1,0.13362030194196578
0.3041923237186907,2.9582159777915832e-05,0,0.16776381978944005
0.7090432427427196,0.0089478248549306,0,0.20226936115634048
0.394734709940275,3.892389444462609e-05,1,0.14552964903203827
0.0641927867030881,3.892389444462609e-05,1,0.1384039157707518
0.4482904301125052,5.021182383356766e-05,0,0.13675364794221004
0.870954673827492,3.892389444462609e-05,1,0.49999999999999983
0.9418607342932545,0.0024607686067892,0,0.4999999999999998
0.7245705819713876,0.001556955777785,1,0.2569393911203601
0.394734709940275,3.892389444462609e-05,1,0.14552964903203827
0.0819019399046252,3.892389444462609e-05,1,0.141182480324723
0.8830559285152091,0.0005597256021137,0,0.4999999999999998
0.7478471225519701,0.0001895593659453,1,0.334891325970033
0.9102504745590074,2.997139872236209e-05,1,0.49999999999999994
0.8791494976619288,0.000629788612114,0,0.49999999999999994
0.8910481966757721,0.005200232297802,0,0.49999999999999967
0.204135608130006,0.0032696071333485,0,0.17013598919309356
0.8514977545256726,0.0004791531406133,0,0.5
0.3369195333117274,0.0001981226227231,1,0.15891051216287025
0.8787154497893421,0.0004476247861132,0,0.49999999999999994
0.3825697948979119,0.0028971054635135,0,0.1480610181475764
0.8913838603639058,7.706931100035966e-05,0,0.4999999999999998
0.3877089217093384,7.706931100035966e-05,0,0.1469708952845945
0.1081878790684753,0.0005838584166693,0,0.14612213736111532
0.8352817260058336,0.0001163824443894,0,0.4999999999999999
0.2069366637344321,0.0025296638999562,0,0.17094385100633708
0.2829066160470392,0.0007679684373924,1,0.1739138392399189
0.632274642344553,0.0004234919715575,0,0.15136960108337227
0.2635596555396083,3.892389444462609e-05,1,0.1797389138618234
0.8307386916060929,0.0199543344870375,0,0.4999999999999997
0.3705495624797444,0.0011408593461719,0,0.15072257715145657
0.867366544747442,0.0,0,0.4999999999999999
0.2379508310569933,0.0001475215599451,1,0.180202585009724
0.394734709940275,3.892389444462609e-05,1,0.14552964903203827
0.6783126533635817,0.0001747682860563,0,0.16293331944858755
0.2299238390666234,0.0302372489214188,1,0.17775310378563397
0.8507222556599843,0.000311391155557,1,0.4999999999999997
0.8459824528913376,2.997139872236209e-05,1,0.5
0.3238402240844483,0.0006609277276697,0,0.162354003370855
0.2362435760914857,0.0262927014584004,0,0.17967860520810613
0.3451548682809389,0.0001385690642228,0,0.1568126739520044
0.2384601138941617,0.0011778370458943,1,0.1803592027749781
0.1217996203527941,3.892389444462609e-05,1,0.1490107945906357
0.2633281633408954,0.0041255435721859,1,0.17980989267525985
0.8178619380526877,0.0076158491870355,1,0.4999999999999999
0.2509028195749803,3.892389444462609e-05,0,0.18366298750601617
0.3592758924024261,0.0070063010000326,1,0.1533520410187979
0.2685888235566461,0.0049701920816343,0,0.1782042553791113
0.7135226167878143,3.464226605571722e-05,0,0.21827914076648144
0.919984721514885,0.0003499258110571,0,0.49999999999999983
0.0436999398120283,3.892389444462609e-05,1,0.13584397934677248
0.3484246955877587,0.0038234941512956,0,0.15599561138629012
0.0814447428121672,3.892389444462609e-05,1,0.14110479558243624
0.8922924672438539,2.9582159777915832e-05,1,0.49999999999999983
0.7069019399046252,0.0040866196777412,0,0.1946828645355504
0.4448527709616186,3.892389444462609e-05,1,0.13718074857818557
0.5431964442798278,0.0030360637666808,1,0.1357909306461128
0.2863153386730867,0.0033770370820157,0,0.17291008220917015
0.7111440344460392,0.0024522053500114,0,0.2097877718103811
0.4598245289133756,3.892389444462609e-05,0,0.13548325590049326
0.2864252974674753,0.000209410552112,0,0.17287781927429718
0.7826230381036159,3.503150500016348e-05,0,0.44553504038063046
0.4709245798416593,0.0002946538809458,1,0.13451600365474672
0.9762141765822492,2.9582159777915832e-05,0,0.49999999999999994
0.5431559331450531,0.0017476828605637,1,0.13578668414561632
0.8302236214639567,3.892389444462609e-05,1,0.49999999999999967
0.2631082457521181,3.892389444462609e-05,1,0.1798773500283461
0.850959535163665,0.0414780803980824,0,0.4999999999999997
0.0140226399370341,3.892389444462609e-05,0,0.13365238448106742
0.3134925228019816,0.0030644782096254,0,0.16516930041926506
0.9037050326404,0.0016663319211744,0,0.4999999999999998
0.6370607435529423,3.892389444462609e-05,0,0.1524840890123168
0.9800627343858512,2.9582159777915832e-05,1,0.49999999999999994
0.2517130422704755,0.0009692049716711,1,0.18340914960815724
0.2509896291494977,0.003425302711127,1,0.183635773250753
0.1671373674707162,0.0003074987661125,0,0.15996431367104566
0.1590640770406037,0.0008345282968927,0,0.15788035389158675
0.4638061947312376,0.0070919335678108,0,0.1351061625357115
0.8559481920459281,0.0002946538809458,0,0.49999999999999956
0.5942173248761516,0.0046607471207995,1,0.1433846985968893
0.9002384369646743,0.0036907636712394,1,0.4999999999999998
0.5563625630816241,0.0007379970386701,1,0.13733682750420023
0.3287536460021297,3.892389444462609e-05,1,0.16104487767162826
0.2386858187879068,0.001770647958286,1,0.1804286586906169
0.2861648687439233,0.0150156707599034,0,0.17295424333183493
0.4591763507569795,3.892389444462609e-05,0,0.13554772379149752
0.2487673040418538,3.892389444462609e-05,1,0.1835595954813031
0.0075697948979119,0.0017048665766746,0,0.133456851682041
0.3404208528172601,0.0017764865424527,1,0.15801172203536612
0.0465299319412935,3.464226605571722e-05,0,0.13615138452649267
0.4969385156720218,0.0120827553135008,1,0.1335819825165201
0.5425135422936247,3.892389444462609e-05,1,0.13571978194416928
0.8099391175517385,0.028150149701298,1,0.4999999999999998
0.2386510949580999,0.0046046967127992,1,0.1804179713361892
0.3246562340849113,0.0066528720384754,1,0.16213532500795894
0.3463123292745034,0.0002300402161677,1,0.15652239509076696
0.8735878975878513,0.0003616029793905,1,0.4999999999999997
0.4374102967729987,0.0048471925751892,1,0.13817696127307647
0.8380480577804529,0.0259836457365101,1,0.4999999999999997
0.6773866845687301,0.0012066407277834,0,0.16268373042107942
0.4664394184915968,3.892389444462609e-05,0,0.1348750464680465
0.9102736237788788,0.0011673275943943,0,0.49999999999999983
0.793873558961063,0.0028519537459577,0,0.4808065162252549
0.2393224223343673,0.0013280832784506,1,0.18062471133203792
0.4759190240288902,0.0003888497055018,0,0.1341694430871721
0.8120051854252512,0.0230779770162188,1,0.49999999999999994
0.7839425436362795,0.0011677168333387,0,0.4496535410319143
0.0586427612389462,0.0101809338309364,0,0.13763668833377476
0.9638351312560768,5.021182383356766e-05,0,0.49999999999999994
0.3803879809250428,0.0038149308945178,1,0.14853268929995392
0.23120862076948,0.0018259198883974,0,0.17814274130703692
0.2806900782443631,5.838584166693914e-05,0,0.17457025178003224
0.9011470438446224,3.464226605571722e-05,0,0.4999999999999998
0.2875190981063938,0.002563527688123,0,0.17255728679371313
0.3193782119542571,0.0001942302332786,0,0.1635584743759894
0.8485172924672438,0.0002136921805009,0,0.49999999999999983
0.697810083800176,0.0011673275943943,0,0.1703682829766701
0.1969304134450669,0.0181969206528626,0,0.16808098442633018
0.7752557988795777,0.0050682802956347,1,0.4223911231405594
0.7711815361822307,0.0002331541277233,0,0.4095598518952336
0.302224640029631,0.0027499731425128,0,0.16832022458655396
0.4873142275105329,0.0199387649292597,1,0.13392639638315137
0.2388594379369415,0.0570211699277105,0,0.18048210543661775
0.8795083105699338,0.0022470764262882,1,0.4999999999999998
0.5233691374600676,0.0,0,0.134124761702232
0.2380781517662855,0.0132384057395617,1,0.18024172602863084
0.3310743552942266,3.892389444462609e-05,0,0.160432970519593
0.4016042409370804,3.892389444462609e-05,1,0.14417788015918112
0.25287050326404,6.96737710558807e-05,0,0.18304715195595914
0.1925841474142321,0.0145575365222901,0,0.16685787136077684
0.8294770591231075,5.994279744472418e-05,0,0.4999999999999998
0.7476387795731284,0.0002794735621124,1,0.334211294904944
0.1049412009815269,0.0004612481491688,0,0.14546457638528457
0.9607678596231308,6.072127533361671e-05,0,0.4999999999999998
0.4055222464002963,0.0088474012072635,1,0.14343347573112647
0.8737499421269503,0.0019423023327868,0,0.49999999999999967
0.932248020741701,4.670867333355131e-06,0,0.49999999999999983
0.5461016713736747,3.892389444462609e-05,1,0.13610386669254307
0.6346532246863281,8.251865622260733e-05,0,0.1519206805268046
0.8273589055048846,0.0,1,0.4999999999999999
0.5115746099356452,0.0065325972046415,0,0.1335651708725927
0.2217348025371545,0.0026927550176792,0,0.1752916757068484
0.6859808324459465,0.0041216511827414,1,0.16502416359769365
0.4467915181258391,3.892389444462609e-05,1,0.13693723953242906
0.2037015602574193,0.0030749876611254,0,0.17001124785106328
0.6331138015648873,0.0060522763471949,0,0.15156338451639012
0.9031263021436178,0.0097309736111565,0,0.49999999999999983
0.5086057224871522,0.0322838672913173,1,0.13476835034539875
0.7487094309921756,0.0,1,0.3377030986430623
0.770776424834483,0.0519633990835758,1,0.4082834098017548
0.3927091532015371,0.0124556462222803,1,0.145939204528278
0.3319945367841104,0.0004476247861132,0,0.1601915036942167
0.6701583406639197,5.87750806113854e-05,0,0.16075747928495823
0.9261655632205196,0.0001907270827786,1,0.49999999999999994
0.5941883883513126,0.0,1,0.14337928438396227
0.328157553590444,0.0021871336288435,0,0.16120272159600788
0.0327966572526505,0.000557390168447,0,0.13481077972848268
0.3564979860178712,0.0027717705234018,0,0.15401860284474744
0.4473008009630075,0.0002915399693902,0,0.13687440061668496
0.2878894856243345,0.0009730973611156,0,0.1724489113870113
0.5313093198759202,0.0018294230388974,0,0.13468929708753305
0.4609299041622297,0.0012447861443391,0,0.13537528802528465
0.7628651789434696,3.892389444462609e-05,0,0.38324362707273757
0.5016493819158294,0.0007784778888925,0,0.13341120544650503
0.4506053520996342,3.853465550017983e-05,0,0.13647824831073954
0.4180749108755035,0.0001163824443894,0,0.14118642172944398
0.2310350016204454,0.0035031505000163,0,0.17809003330658796
0.1785499328672623,0.0040796133767412,1,0.16299737838351486
0.429180749108755,0.0029948044385695,1,0.1393866179523722
0.4416986897541553,0.0016698350716744,0,0.13759120682128187
0.2776864669660632,2.9582159777915832e-05,1,0.17546436084743167
0.3586508634659012,0.0010595084067827,0,0.15350139187549472
0.0771042640863002,3.892389444462609e-05,1,0.14038245542456054
0.938642992731145,0.0019539795011202,0,0.49999999999999983
0.3063452011667207,2.9582159777915832e-05,1,0.1671579961645928
0.4044805315060882,0.0007025762947255,0,0.14362946721590053
0.8122308903189963,0.0003090557218903,0,0.5000000000000001
0.3796182693643224,0.0010470527605604,0,0.14870032388434531
0.695101625075235,0.0008952495722264,0,0.16756479444022063
0.87930575489606,0.0004476247861132,0,0.49999999999999983
0.7037767952220011,0.0002179738088899,0,0.18629761951862558
0.2075674799759248,0.0002962108367236,1,0.1711264664918321
0.1603025603037177,0.0010217522291714,0,0.15819659840882688
0.4214546969767119,0.0017527429668415,1,0.1406192010258192
0.467672114449743,0.0001463538431117,0,0.13477197004840696
0.7781031529237465,0.0078548418989255,0,0.431360766988657
0.3963493680262975,0.0013603901108396,0,0.14520670751172457
0.9001284781702857,0.000151803188334,1,0.4999999999999998
0.4733957590629196,0.0025144835811228,0,0.13433736795172627
0.3893756655400713,0.019461947222313,0,0.14662377123084885
0.3591543589981018,0.0002576761812234,1,0.1533810528463421
0.7831033844159452,0.003280505823793,1,0.44703402860564195
0.1954025649335617,0.0483571002632812,0,0.16764958432382174
0.8051125052085745,0.0003230683238903,1,0.49822029748055735
0.3674417797120237,7.784778888925218e-05,0,0.15143500854033862
0.4448759201814899,0.0008613857840595,0,0.13717780117272405
0.3782466780869485,0.001242061471728,1,0.14900062275136466
0.043514746053058,3.892389444462609e-05,1,0.1358244089698856
0.5047050789388398,0.0003888497055018,0,0.13341120544650506
0.9597319320338904,0.0003592675457238,0,0.4999999999999998
0.294429140237974,0.0019461947222313,0,0.17054931733066073
0.7295708134635863,0.0004141502368908,0,0.2740499411147614
0.4805372933932126,3.892389444462609e-05,0,0.13390111894686366
0.3148930506041946,0.0002136921805009,0,0.16478376282020188
0.9713065419695356,8.563256777817741e-06,0,0.5
0.057572109819899,0.019461947222313,0,0.13749475675820216
0.2079147182739942,0.0001774929586674,1,0.17122709469842354
0.4161593129311542,0.0004476247861132,0,0.14151522826490184
0.7865931293115422,0.0017064235324524,0,0.4579365343423981
0.6718655956294273,3.580998288905601e-05,0,0.1612088569538543
0.8234177508217974,0.0126343068977811,1,0.5
0.24497661928793,0.001397367810562,0,0.18237579675477897
0.1081647298486041,3.892389444462609e-05,1,0.14611740457483838
0.0717220704662253,0.0069930668759215,1,0.13952592501738537
0.7548786980878744,0.000419599582113,0,0.35767566103493365
0.3453227001250058,0.0002440528181678,1,0.15677051245469997
0.2407923977961942,0.0020999441052875,1,0.18107826743704164
0.0644184915968331,3.892389444462609e-05,1,0.13843621292026045
0.2976642437149868,0.0005838584166693,0,0.1696195118457753
0.394734709940275,3.892389444462609e-05,1,0.14552964903203827
0.9800858836057226,0.0030317821382919,1,0.49999999999999994
0.7670494004352053,3.89238944446261e-07,0,0.3965272336888402
0.7508507338302699,3.892389444462609e-05,1,0.3446647495463211
0.5295499791657021,3.892389444462609e-05,1,0.13455188753617875
0.8450969952312607,8.641104566706993e-05,1,0.4999999999999996
0.82117806379925,0.0006118836206695,0,0.5000000000000001
0.7818764757627669,0.0042236317861863,1,0.4432058307122266
0.7396870225473402,0.0283365951556877,0,0.30803611819347415
0.5810975045140979,0.0019395776601757,0,0.1410459959130674
0.242204500208343,0.0054454528328031,1,0.18151508613643422
0.1536876707254965,0.0038920002055181,1,0.15652239509076687
0.9250659752766331,0.0017714264361749,1,0.49999999999999983
0.8328221213945091,0.0017515752500081,0,0.5000000000000001
0.2390909301356544,0.0003888497055018,1,0.18055339361665626
0.3954928468910598,0.0002168060920565,0,0.14537762402509338
0.3947057734154359,3.464226605571722e-05,0,0.14553546524012811
0.2322329737487846,0.0014896174403958,0,0.1784540629398386
0.3344367794805315,0.0010657362298938,0,0.15955386091203194
0.1552907542015834,0.0038920002055181,1,0.15692473655206834
0.2033543219593499,0.0,0,0.16991154107793002
0.0472764942821426,3.892389444462609e-05,1,0.13623506229697827
0.2751574146951248,2.9582159777915832e-05,1,0.1762212719902365
0.0996573915459049,0.0001475215599451,1,0.14442175064050114
0.4771632945969721,2.9582159777915832e-05,0,0.13409212492175243
0.7509838418445298,0.0141118579308991,1,0.34509633418386243
0.3292224177045234,0.0001946194722231,1,0.1609209398229255
0.6810384740034261,0.0019458054832868,0,0.16367169818241722
0.3749305523403861,0.0280399950800197,1,0.14973492602718744
0.7525290522709385,0.0152457109760711,0,0.3500979481413629
0.1211340802814945,3.892389444462609e-05,1,0.1488647947996411
0.5909648594842354,0.0,1,0.1427830499439791
0.4017315616463725,0.0025253822715673,0,0.14415338103614478
0.2465623408491133,0.0025343347672896,0,0.1828700423569331
0.6550361127829992,3.853465550017983e-05,0,0.15686068006177467
0.5429881013009862,0.0003324100585571,1,0.13576912613825165
0.771401453771008,0.0023019591174551,0,0.4102526991386877
0.4447254502523265,3.892389444462609e-05,1,0.13719697641781556
0.7868998564748368,0.0002607900927789,0,0.45889613877473956
0.9001689893050604,0.0001222210285561,1,0.49999999999999994
0.8940981063938146,0.0013623363055619,1,0.49999999999999983
0.3492522801981573,0.0001089869044449,0,0.15579028506928264
0.8936293346914209,0.0010505559110604,0,0.49999999999999967
0.5444233529330061,0.0014012602000065,0,0.13592107290808542
0.4901500069447659,0.0004791531406133,1,0.13351322631015072
0.3459477290615306,0.0124245071067246,1,0.1566137090820819
0.2808752720033335,3.892389444462609e-05,1,0.174515296774261
0.2139393027454975,0.00024249586239,0,0.17298482442904922
0.3060616232232974,0.0020999441052875,0,0.16723761803926607
0.8119183758507339,2.997139872236209e-05,1,0.5
0.2122609843048289,0.0023354336666775,0,0.17249292882502898
0.9305465530811612,3.892389444462609e-05,1,0.49999999999999983
0.8401893606185472,0.0001004236476671,0,0.4999999999999999
0.6737927681837123,0.0003499258110571,0,0.1617210591851819
0.2330894948840224,3.892389444462609e-05,1,0.17871482829312502
0.9121776471132924,0.0002958215977791,0,0.4999999999999998
0.7808694846983657,0.0,1,0.44006490961491146
0.0027316079448122,0.0205907401612072,1,0.13396191253229273
0.0268588823556646,0.0023350444277331,0,0.13435513254555065
0.432508449465253,0.0005834691777249,0,0.13888426914441032
0.4385388212417241,0.0079755059717038,0,0.1380197764534292
0.1664139543497384,0.0038920002055181,1,0.15977544258912574
0.356764202046391,0.0007411109502256,1,0.153954414467218
0.0759641650076392,3.892389444462609e-05,1,0.14019734532453895
0.1470554192323718,0.0002802520400013,0,0.15488157317417336
0.2547687392934858,0.0169591408095235,0,0.18245507154953516
0.8592295939626835,2.9582159777915832e-05,1,0.49999999999999983
0.8930332422797352,0.0426991229668103,1,0.4999999999999998
0.7272211676466503,0.0,1,0.26601361881490726
0.2007268855039585,0.0048771639739116,1,0.1691595947020804
0.5930830131024585,0.0,1,0.1431732832470842
0.1887645261354692,0.0074979097868683,0,0.16579351037552262
0.7080304643733506,0.0001541386220007,0,0.19861611156512587
0.5939221723227928,0.0002954323588347,1,0.1433295250150955
0.8601787119774064,0.0019458054832868,0,0.49999999999999983
0.4248344830779202,0.0006414657804474,1,0.14006883942863466
0.0468192971896847,3.892389444462609e-05,1,0.1361836909332385
0.5448226769757859,0.0017702587193415,1,0.1359640680411037
0.7588024908560582,0.0070755855321441,0,0.3702675430481401
0.7799319412935785,3.892389444462609e-05,1,0.4371274135732427
0.4935703041807491,0.0,1,0.1334340065371732
0.2958007315153479,0.0038920002055181,1,0.1701542946537836
0.8242221862123247,0.0057144169434155,0,0.4999999999999999
0.7983992314459003,0.0006220038332251,0,0.49395717231811653
0.9150307884624288,5.682888588915409e-05,0,0.49999999999999994
0.3859322190842169,0.000846983943115,0,0.1473444154528279
0.9655018750868096,0.0246894262462263,1,0.49999999999999994
0.7491897773045049,0.0008598288282817,0,0.339267520630643
0.473708273531182,0.0042123438567974,0,0.13431576953886604
0.7537791101439881,0.0003475903773905,0,0.35413336461882283
0.4297768415204407,0.0121162298627232,1,0.13929534030140553
0.85418885133571,0.0042843530615199,0,0.49999999999999983
0.9582388073521922,0.0155695577778504,0,0.4999999999999998
0.8980161118570305,5.021182383356766e-05,0,0.4999999999999998
0.4583545534515487,0.001556955777785,0,0.13563068017114452
0.3300326404000185,0.0172888261954695,1,0.1607071260547618
0.6992163989073569,0.0095846197680447,0,0.17415693767589732
0.5838001759340711,0.0006208361163917,0,0.14150822061010424
0.9298173526552156,2.997139872236209e-05,1,0.49999999999999994
0.8029943515903515,0.0,0,0.49691251606960873
0.246018334182138,0.000937676617171,0,0.1827003279359188
0.1460194916431316,0.0038920002055181,1,0.15462880762399306
0.9290765776193344,0.0001825530649452,1,0.5
0.565043520533358,0.0004281628388908,0,0.13852609041428687
0.4515139589795824,9.341734666710262e-05,0,0.13637289078816542
0.3973100606509561,0.0182911164774186,0,0.14501606706894066
0.4447948979119404,3.892389444462609e-05,1,0.13718812128031962
0.0509745821565813,4.281628388908871e-05,1,0.13666513117144186
0.5435436825778971,0.0037756177611287,1,0.135827462380726
0.899109912495949,2.997139872236209e-05,1,0.4999999999999998
0.2799898143432566,0.0081187459032601,1,0.17477823277063256
0.495237048011482,3.892389444462609e-05,1,0.13341120544650503
0.3360109264317792,3.892389444462609e-05,1,0.15914538220521182
0.7739420806518821,0.0,1,0.41825427015942573
0.384653224686328,0.0004624158660021,0,0.1476155090194416
0.8301194499745359,0.0003464226605571,1,0.4999999999999998
0.9858558266586416,0.0016554332307299,1,0.49999999999999994
0.5938874484929858,3.892389444462609e-05,1,0.14332304150282865
0.3296738274920135,7.706931100035966e-05,0,0.16080175240072384
0.5433064030742164,0.0040492527390744,1,0.13580247323635894
0.5817167461456549,0.0001778821976119,0,0.1411509768264123
0.2395770637529515,0.0106266124223273,1,0.18070319491996475
0.1498854113616371,0.0068109030499206,0,0.15557698226511207
0.7613026066021575,0.0009077052184486,0,0.37825867706412925
0.2080073151534793,0.0005628395136692,1,0.17125394156547233
0.7471121348210565,0.0280563431156864,1,0.33249109844725844
0.1895053011713505,0.0279142709009636,1,0.16599914980303795
0.897344784480763,2.997139872236209e-05,1,0.4999999999999996
0.580021065790083,8.874647933374748e-05,1,0.1408648273484776
0.3729512940413908,0.0,1,0.1501786867543586
0.9067838788832816,0.0072830498895339,1,0.4999999999999996
0.2386279457382286,0.0,1,0.18041084680268651
0.9660227325339136,0.002491129244456,0,0.49999999999999994
0.0506794296032223,3.892389444462609e-05,1,0.13662986612929606
0.7078742071392194,0.0058385841666939,0,0.1980507421568328
0.1575246539191629,0.0038920002055181,1,0.15748904140349929
0.2353233946016019,3.892389444462609e-05,1,0.17939685849607112
0.4906998009167091,0.0137919035185643,1,0.1336434975731714
0.9536089633779342,0.0016659426822299,0,0.49999999999999983
0.8688943932589472,0.0019461947222313,1,0.4999999999999997
0.215096763739062,0.0004791531406133,1,0.17332505447173563
